Arguments: 
  C:\Program Files\nodejs\node.exe C:\Program Files\nodejs\node_modules\yarn\bin\yarn.js

PATH: 
  C:\Program Files\PowerShell\7;C:\Program Files\Microsoft\jdk-11.0.12.7-hotspot\bin;C:\Program Files\Common Files\Oracle\Java\javapath;C:\Windows\system32;C:\Windows;C:\Windows\System32\Wbem;C:\Windows\System32\WindowsPowerShell\v1.0\;C:\Windows\System32\OpenSSH\;C:\Users\kaitb\AppData\Roaming\nvm;C:\Program Files\nodejs;C:\Program Files\Git\cmd;C:\Program Files\Microsoft SQL Server\Client SDK\ODBC\170\Tools\Binn\;C:\Program Files\dotnet\;C:\Program Files (x86)\NVIDIA Corporation\PhysX\Common;C:\WINDOWS\system32;C:\WINDOWS;C:\WINDOWS\System32\Wbem;C:\WINDOWS\System32\WindowsPowerShell\v1.0\;C:\WINDOWS\System32\OpenSSH\;C:\Program Files\Microsoft SQL Server\Client SDK\ODBC\130\Tools\Binn\;C:\ProgramData\chocolatey\bin;;C:\tools\php81;C:\ProgramData\ComposerSetup\bin;C:\Program Files\PowerShell\7\;C:\Program Files\Go\bin;C:\Program Files\Kubernetes\Minikube;;C:\minikube;C:\Program Files\Docker\Docker\resources\bin;C:\ProgramData\DockerDesktop\version-bin;C:\Users\kaitb\AppData\Local\pnpm;C:\Users\kaitb\AppData\Local\Microsoft\WindowsApps;C:\Users\kaitb\AppData\Local\Programs\Microsoft VS Code\bin;K:\sdk\flutter\bin;K:\sdk\android\platform-tools;K:\sdk\android\cmdline-tools\latest\bin;C:\Users\kaitb\.dotnet\tools;C:\Program Files\OpenSSL-Win64\bin;C:\Users\kaitb\AppData\Roaming\Composer\vendor\bin;K:\AppData\Local\Google\Cloud SDK\google-cloud-sdk\bin;K:\dev\iKomida\bin;C:\Users\kaitb\AppData\Local\Yarn\bin;C:\Users\kaitb\go\bin;C:\Users\kaitb\AppData\Local\GitHubDesktop\bin

Yarn version: 
  1.22.19

Node version: 
  14.20.0

Platform: 
  win32 x64

Trace: 
  Error: https://us-central1-npm.pkg.dev/ikomida-dev/node/@ikomida%2fshared-frontend: The caller does not have permission.
      at Request.params.callback [as _callback] (C:\Users\kaitb\AppData\Roaming\nvm\v14.20.0\node_modules\yarn\lib\cli.js:66145:18)
      at Request.self.callback (C:\Users\kaitb\AppData\Roaming\nvm\v14.20.0\node_modules\yarn\lib\cli.js:140890:22)
      at Request.emit (events.js:400:28)
      at Request.<anonymous> (C:\Users\kaitb\AppData\Roaming\nvm\v14.20.0\node_modules\yarn\lib\cli.js:141862:10)
      at Request.emit (events.js:400:28)
      at IncomingMessage.<anonymous> (C:\Users\kaitb\AppData\Roaming\nvm\v14.20.0\node_modules\yarn\lib\cli.js:141784:12)
      at Object.onceWrapper (events.js:519:28)
      at IncomingMessage.emit (events.js:412:35)
      at endReadableNT (internal/streams/readable.js:1333:12)
      at processTicksAndRejections (internal/process/task_queues.js:82:21)

npm manifest: 
  {
    "name": "ikomida-admin",
    "version": "1.0.0",
    "private": true,
    "author": "Khalid Ait Bellahs",
    "license": "UNLICENSED",
    "type": "module",
    "scripts": {
      "watch:prod": "rollup -c -w --environment ENV:production",
      "watch:hmlg": "rollup -c -w --environment ENV:homologation",
      "watch:dev": "rollup -c -w --environment ENV:development",
      "prod": "rollup -c --environment ENV:production",
      "hmlg": "rollup -c --environment ENV:homologation",
      "dev": "rollup -c --environment ENV:development",
      "start": "sirv App --no-clear",
      "windows": "@powershell -NoProfile -ExecutionPolicy Unrestricted -Command ./build.ps1",
      "build:win:dev": "yarn dev && yarn windows",
      "build:win:hmlg": "yarn hmlg && yarn windows",
      "build:win:prod": "yarn prod && yarn windows",
      "build:mac:dev": "yarn dev && ./build.sh",
      "build:mac:hmlg": "yarn hmlg && ./build.sh",
      "build:mac:prod": "yarn prod && ./build.sh",
      "build:mac": "rollup -c --environment ENV:production && yarn cap copy",
      "build:mac:release": "yarn upgrade && rollup -c --environment ENV:production && ./build.sh",
      "build": "rollup -c --environment ENV:prod",
      "build:android": "run-s build cap-run:android",
      "build:ios": "run-s build:app cap-run:ios",
      "cap-run:android": "cap sync android && cap open android",
      "cap-run:ios": "cap sync ios && cap run ios",
      "dev:ios": "run-p build cap-run:ios",
      "dev:android": "run-p dev:start cap-run:android",
      "prebuild:types": "rimraf ./build",
      "build:types": "tsc -p ./tsconfig.json --outDir build && api-extractor run",
      "predoc:jsdoc": "rimraf ./docs",
      "docs:jsdoc": "jsdoc -r \"src/**/*.ts\" -R README.md -d ./docs",
      "predoc:typedoc": "rimraf ./docs",
      "docs:typedoc": "typedoc src --out docs",
      "format": "prettier --write \"src/**/*.ts\"",
      "lint": "eslint . --ext .ts --quiet --fix",
      "clean": "rimraf ./build ./lib ./docs",
      "glogin": "artifactregistry-auth",
      "prepublishOnly": "yarn lint",
      "preversion": "yarn lint",
      "version": "yarn format && git add -A src",
      "postversion": "git push && git push --tags",
      "test": "mocha",
      "local:watch:dev": "yarn glogin && ncu -u && yarn && yarn format && yarn lint && yarn svelte-check && yarn watch:dev",
      "sveltecheck": "svelte-check --tsconfig ./tsconfig.json --ignore lib --use-new-transformation  true"
    },
    "devDependencies": {
      "@capacitor/cli": "^4.3.0",
      "@rollup/plugin-commonjs": "^23.0.1",
      "@rollup/plugin-json": "^5.0.0",
      "@rollup/plugin-node-resolve": "^15.0.0",
      "@rollup/plugin-replace": "^5.0.0",
      "@rollup/plugin-typescript": "^9.0.1",
      "@tsconfig/svelte": "^3.0.0",
      "@types/uuid": "^8.3.4",
      "@typescript-eslint/eslint-plugin": "^5.40.1",
      "@typescript-eslint/parser": "^5.40.1",
      "eslint": "^8.25.0",
      "eslint-config-prettier": "^8.5.0",
      "google-artifactregistry-auth": "^3.0.2",
      "javascript-obfuscator": "^4.0.0",
      "jsdoc": "^3.6.11",
      "linkify-it": "^4.0.1",
      "node-sass": "^7.0.3",
      "npm-run-all": "^4.1.5",
      "postcss": "^8.4.18",
      "postcss-load-config": "^4.0.1",
      "prettier": "^2.7.1",
      "rimraf": "^3.0.2",
      "rollup": "^3.2.3",
      "rollup-plugin-auto-external": "^2.0.0",
      "rollup-plugin-css-only": "^3.1.0",
      "rollup-plugin-livereload": "^2.0.5",
      "rollup-plugin-svelte": "^7.1.0",
      "rollup-plugin-terser": "^7.0.2",
      "sirv-cli": "^2.0.2",
      "svelte": "^3.52.0",
      "svelte-as-markup-preprocessor": "^0.3.0",
      "svelte-check": "^2.9.2",
      "svelte-fa": "^3.0.3",
      "svelte-preprocess": "^4.10.7",
      "svelte-preprocess-cssmodules": "^2.2.3",
      "tslib": "^2.4.0",
      "typedoc": "^0.23.17",
      "typescript": "^4.8.4",
      "typescript-svelte-plugin": "^0.3.10"
    },
    "dependencies": {
      "@capacitor-community/date-picker": "^0.2.3",
      "@capacitor-community/http": "^1.4.1",
      "@capacitor/android": "^4.3.0",
      "@capacitor/app": "^4.0.1",
      "@capacitor/app-launcher": "^4.0.1",
      "@capacitor/clipboard": "^4.0.1",
      "@capacitor/core": "^4.3.0",
      "@capacitor/device": "^4.0.1",
      "@capacitor/filesystem": "^4.1.2",
      "@capacitor/geolocation": "^4.0.1",
      "@capacitor/ios": "^4.3.0",
      "@capacitor/network": "^4.0.1",
      "@capacitor/preferences": "^4.0.1",
      "@capacitor/push-notifications": "^4.1.0",
      "@capacitor/share": "^4.0.1",
      "@fortawesome/free-solid-svg-icons": "^6.2.0",
      "@ikomida/capacitor-plugin-status-bar": "github:TIAltoNivel/capacitor-plugin-statusbar",
      "@ikomida/shared-frontend": "^1.3.41",
      "html2canvas": "^1.4.1",
      "uuid": "^9.0.0"
    }
  }

yarn manifest: 
  No manifest

Lockfile: 
  # THIS IS AN AUTOGENERATED FILE. DO NOT EDIT THIS FILE DIRECTLY.
  # yarn lockfile v1
  
  
  "@babel/code-frame@^7.0.0", "@babel/code-frame@^7.10.4":
    version "7.18.6"
    resolved "https://registry.yarnpkg.com/@babel/code-frame/-/code-frame-7.18.6.tgz#3b25d38c89600baa2dcc219edfa88a74eb2c427a"
    integrity sha512-TDCmlK5eOvH+eH7cdAFlNXeVJqWIQ7gW9tY1GJIpUtFb6CmjVyq2VM3u71bOyR8CRihcCgMUYoDNyLXao3+70Q==
    dependencies:
      "@babel/highlight" "^7.18.6"
  
  "@babel/helper-validator-identifier@^7.18.6":
    version "7.19.1"
    resolved "https://registry.yarnpkg.com/@babel/helper-validator-identifier/-/helper-validator-identifier-7.19.1.tgz#7eea834cf32901ffdc1a7ee555e2f9c27e249ca2"
    integrity sha512-awrNfaMtnHUr653GgGEs++LlAvW6w+DcPrOliSMXWCKo597CwL5Acf/wWdNkf/tfEQE3mjkeD1YOVZOUV/od1w==
  
  "@babel/highlight@^7.18.6":
    version "7.18.6"
    resolved "https://registry.yarnpkg.com/@babel/highlight/-/highlight-7.18.6.tgz#81158601e93e2563795adcbfbdf5d64be3f2ecdf"
    integrity sha512-u7stbOuYjaPezCuLj29hNW1v64M2Md2qupEKP1fHc7WdOA3DgLh37suiSrZYY7haUB7iBeQZ9P1uiRF359do3g==
    dependencies:
      "@babel/helper-validator-identifier" "^7.18.6"
      chalk "^2.0.0"
      js-tokens "^4.0.0"
  
  "@babel/parser@^7.9.4":
    version "7.19.4"
    resolved "https://registry.yarnpkg.com/@babel/parser/-/parser-7.19.4.tgz#03c4339d2b8971eb3beca5252bafd9b9f79db3dc"
    integrity sha512-qpVT7gtuOLjWeDTKLkJ6sryqLliBaFpAtGeqw5cs5giLldvh+Ch0plqnUMKoVAUS6ZEueQQiZV+p5pxtPitEsA==
  
  "@capacitor-community/date-picker@^0.2.3":
    version "0.2.3"
    resolved "https://registry.yarnpkg.com/@capacitor-community/date-picker/-/date-picker-0.2.3.tgz#0fbb86518618f7cf18ef485120742019ca009407"
    integrity sha512-QQvOdn06tY1W5JGkZsT946kgYYsVeVgHCfXNEWeuetTbeMuOafYzcbun5DbDfR9kazwGABoK+p7NzKV4Fp/L6Q==
    dependencies:
      "@capacitor/core" "^2.0.0"
  
  "@capacitor-community/http@^1.4.1":
    version "1.4.1"
    resolved "https://registry.yarnpkg.com/@capacitor-community/http/-/http-1.4.1.tgz#005f51c2129f48bff75c46b8679a2fff57ced5a9"
    integrity sha512-+pCkBXrwfm97UfjOgjV950H/qZ8SE36Mrcb46BlL1ps3VIsGuIO+AulL8GqTC6LewheRVtGJpRspNtneXQotNA==
    dependencies:
      "@capacitor/android" "^3.0.0"
      "@capacitor/core" "^3.0.0"
      "@capacitor/filesystem" "^1.0.0"
      "@capacitor/ios" "^3.0.0"
  
  "@capacitor/android@^3.0.0":
    version "3.8.0"
    resolved "https://registry.yarnpkg.com/@capacitor/android/-/android-3.8.0.tgz#2aa720cac616c45668150157cdd9a24a0aefdaec"
    integrity sha512-FwHCiWOkPmqI/K4rnIBSyRUy39zqDmgK62yR3DSfEMVgXVvUkzRgYQfDxCn+lq8vPiT/CbnI/iEoudBorJFQkw==
  
  "@capacitor/android@^4.3.0":
    version "4.3.0"
    resolved "https://registry.yarnpkg.com/@capacitor/android/-/android-4.3.0.tgz#d0c6cf909db822ef095e2304e9322baf9370a88a"
    integrity sha512-JnyQsxq44wLFPQ1sN1sMISNbVuNVHXdUdseil1mNsag3JOKu1BkLCyC3aqI4ioce63fK6VtoUIvzR4YzqBn1yg==
  
  "@capacitor/app-launcher@^4.0.1":
    version "4.0.1"
    resolved "https://registry.yarnpkg.com/@capacitor/app-launcher/-/app-launcher-4.0.1.tgz#770cccb1d79cbedaac4298a77e9204f99b5da808"
    integrity sha512-53bMqQ1x5yYpuJSi2bUtzCmOnKG4cy9fe3lM/7sdEypjZxLqG4fvZVd/7Z2dlbEdfD2kMAF44KXQMM6Jtr/SSQ==
  
  "@capacitor/app@^4.0.1":
    version "4.0.1"
    resolved "https://registry.yarnpkg.com/@capacitor/app/-/app-4.0.1.tgz#05c60541c427ef30f4762d8f786e70d0ed32fe01"
    integrity sha512-frPft9TMJL70jWq5jmxwGSBddZVvsWxX5Agj2i19WJerk37aTgljB05HRr/YLg6mF1G/NIXmmFJZDY8MEgirDg==
  
  "@capacitor/cli@^4.3.0":
    version "4.3.0"
    resolved "https://registry.yarnpkg.com/@capacitor/cli/-/cli-4.3.0.tgz#e1515536f8e28b65df9e0ef45bd519fe62102cd9"
    integrity sha512-+IBIJvxpHWSrtfb6XxPSh5m5h5ijLBqh0aGPxvj0nm7mXUwkT/fuQbeEUVCwIoImmYZCuUAFIkQFB0nWd74bEg==
    dependencies:
      "@ionic/cli-framework-output" "^2.2.5"
      "@ionic/utils-fs" "^3.1.6"
      "@ionic/utils-subprocess" "^2.1.11"
      "@ionic/utils-terminal" "^2.3.3"
      commander "^9.3.0"
      debug "^4.3.4"
      env-paths "^2.2.0"
      kleur "^4.1.4"
      native-run "^1.6.0"
      open "^8.4.0"
      plist "^3.0.5"
      prompts "^2.4.2"
      rimraf "^3.0.2"
      semver "^7.3.7"
      tar "^6.1.11"
      tslib "^2.4.0"
      xml2js "^0.4.23"
  
  "@capacitor/clipboard@^4.0.1":
    version "4.0.1"
    resolved "https://registry.yarnpkg.com/@capacitor/clipboard/-/clipboard-4.0.1.tgz#b96ae5563583d12e510745fff03aa23050284948"
    integrity sha512-DO5fC6ax5Tm/4K77NjxRLu/bdyvO6FDCK38w05CE4LHvi3RF4LTM8EgnmIrEGKxwwbH5VloTeca9Cu6bsMXPiA==
  
  "@capacitor/core@^2.0.0":
    version "2.5.0"
    resolved "https://registry.yarnpkg.com/@capacitor/core/-/core-2.5.0.tgz#86b202ed950846427f710fafbdbbd844b1d0cc56"
    integrity sha512-WUkUnqqLtlEYn6tly8t6VR0ABlSVbXdlD/gBbYxx0P+gEqMF9b46uYb2YqyH+8HBDANzTweEySpLfhiSUvYS7w==
    dependencies:
      tslib "^1.9.0"
  
  "@capacitor/core@^3.0.0":
    version "3.8.0"
    resolved "https://registry.yarnpkg.com/@capacitor/core/-/core-3.8.0.tgz#45d2c4e7db07051a8a214b9b3c851f23dcc06abe"
    integrity sha512-Z7iHM+1CBbuIK+74bS4ZjpPUOdcKb7Gf7j8xK9WegcrUeHZQl4O6hAAn6nT60kDoeAyutsr3PP25542Ur0wLBg==
    dependencies:
      tslib "^2.1.0"
  
  "@capacitor/core@^4.3.0":
    version "4.3.0"
    resolved "https://registry.yarnpkg.com/@capacitor/core/-/core-4.3.0.tgz#3f769b5b3791ce51903b0965f9af587d8db7977e"
    integrity sha512-zb225feaiHYcttHqw7SnKVj9gjOh3yoM2ol0Efky4kd80qZvqPHt7nRI1XZmGUKid5j3AVggULd5rRke5OEOXQ==
    dependencies:
      tslib "^2.1.0"
  
  "@capacitor/device@^4.0.1":
    version "4.0.1"
    resolved "https://registry.yarnpkg.com/@capacitor/device/-/device-4.0.1.tgz#4bf1e79aeba6d1ae07c7db0df44331bf18515887"
    integrity sha512-D0jJFQYifmsgcz4X9MEEKH5E36ARK2CJcUCXJbcuFTChHSxK+ly7Kd6PZC73Y5GkEZIjpebWAWo5F3w9S4hsYQ==
  
  "@capacitor/filesystem@^1.0.0":
    version "1.1.0"
    resolved "https://registry.yarnpkg.com/@capacitor/filesystem/-/filesystem-1.1.0.tgz#0bd6a8bc185b7fd9a1219c3080ab26c2b54ea8b6"
    integrity sha512-8O3UuvL8HNUEJvZnmn8yUmvgB1evtXfcF0oxIo3YbSlylqywJwS3JTiuhKmsvSxCdpbTy8IaTsutVh3gZgWbKg==
  
  "@capacitor/filesystem@^4.1.2":
    version "4.1.2"
    resolved "https://registry.yarnpkg.com/@capacitor/filesystem/-/filesystem-4.1.2.tgz#f3cc63204aa241b25640e6b2dbc3c5d04a2abef3"
    integrity sha512-akQTgNZBIRE5mN8IPagd4TUk9vx8c2xTllX8yBRzf4BhHHkQPzAnEVikmX+qB/114DvRMh3l2s8mtpXiWOg9NQ==
  
  "@capacitor/geolocation@^4.0.1":
    version "4.0.1"
    resolved "https://registry.yarnpkg.com/@capacitor/geolocation/-/geolocation-4.0.1.tgz#2567caf704abe5321e0e2d94fa2285252c205e9a"
    integrity sha512-5dxXfDU1rCkn8xrXk6cQwUr+F2ZRycZoU5zi8MFVnH7JvHruV3B152Uz+urRkF/GtKQrgvxEW78GbejOW+nfYw==
  
  "@capacitor/ios@^3.0.0":
    version "3.8.0"
    resolved "https://registry.yarnpkg.com/@capacitor/ios/-/ios-3.8.0.tgz#1b3393411566a31b75010b2aa78f56bd7663cef9"
    integrity sha512-a2/inoVG+4L1diOxTK8oXOMliT5tXwJSg5KelJh8YuouYjH8duVRx560qoKQPE9rUbo9VG3pqOK0w3gROSk2yQ==
  
  "@capacitor/ios@^4.3.0":
    version "4.3.0"
    resolved "https://registry.yarnpkg.com/@capacitor/ios/-/ios-4.3.0.tgz#e38cfb7c25b820d6d6c8ebd24fab769bd1dbb51c"
    integrity sha512-l9vuFzGkopHEWTsbdCwcJF/TLPspuhWSSq5cfB61YO4HAG5o3y/M6TiftL3JTyw/OOJ6cgWtLI/2QMp1TPIU4w==
  
  "@capacitor/network@^4.0.1":
    version "4.0.1"
    resolved "https://registry.yarnpkg.com/@capacitor/network/-/network-4.0.1.tgz#a4f6cfe3c09ea54d93e563d638a6aadda71f80d0"
    integrity sha512-04xR3DtxxyibaQQGNLUGYxgLzlZtsucaUUikCFLijuxSKSM/tW8frDKpWdwx7yG/dOYLMYmAqaSFcelz5GRGpw==
  
  "@capacitor/preferences@^4.0.1":
    version "4.0.1"
    resolved "https://registry.yarnpkg.com/@capacitor/preferences/-/preferences-4.0.1.tgz#fd56f24fe2cde1222cf5c3057d52cd55fd033e7b"
    integrity sha512-FffJjKS4XcodUj/rtFtWizQ9q/oYDSn5opZ+JYwj/EkjiMWMhY/Pk9lN3vwQfp+VJrTt3hjr+bwKXjhTbYBqKw==
  
  "@capacitor/push-notifications@^4.1.0":
    version "4.1.0"
    resolved "https://registry.yarnpkg.com/@capacitor/push-notifications/-/push-notifications-4.1.0.tgz#80ece62d01635a7cf33632d90b4a4128da7c67c1"
    integrity sha512-oNXw89t0z0b8efH9WmNxcpZ0oJpNMAnk/B7DRSBXfLnAdej0uZ8AFeeyi6CZsKQQ78jQMD0rcP8HlyRho0olgQ==
  
  "@capacitor/share@^4.0.1":
    version "4.0.1"
    resolved "https://registry.yarnpkg.com/@capacitor/share/-/share-4.0.1.tgz#71471eba1f193e1d73c5a507cd8f4b836999f68f"
    integrity sha512-czqYavgW+rMrlcgZkLHJ4Xwr+7E/T2YxxZ5tVtdqxANlKCw/qUL2tpNx3wphiC8lWj9wLUWFjgrBBDeZSlPYdQ==
  
  "@eslint/eslintrc@^1.3.3":
    version "1.3.3"
    resolved "https://registry.yarnpkg.com/@eslint/eslintrc/-/eslintrc-1.3.3.tgz#2b044ab39fdfa75b4688184f9e573ce3c5b0ff95"
    integrity sha512-uj3pT6Mg+3t39fvLrj8iuCIJ38zKO9FpGtJ4BBJebJhEwjoT+KLVNCcHT5QC9NGRIEi7fZ0ZR8YRb884auB4Lg==
    dependencies:
      ajv "^6.12.4"
      debug "^4.3.2"
      espree "^9.4.0"
      globals "^13.15.0"
      ignore "^5.2.0"
      import-fresh "^3.2.1"
      js-yaml "^4.1.0"
      minimatch "^3.1.2"
      strip-json-comments "^3.1.1"
  
  "@fortawesome/fontawesome-common-types@6.2.0":
    version "6.2.0"
    resolved "https://registry.yarnpkg.com/@fortawesome/fontawesome-common-types/-/fontawesome-common-types-6.2.0.tgz#76467a94aa888aeb22aafa43eb6ff889df3a5a7f"
    integrity sha512-rBevIsj2nclStJ7AxTdfsa3ovHb1H+qApwrxcTVo+NNdeJiB9V75hsKfrkG5AwNcRUNxrPPiScGYCNmLMoh8pg==
  
  "@fortawesome/free-solid-svg-icons@^6.2.0":
    version "6.2.0"
    resolved "https://registry.yarnpkg.com/@fortawesome/free-solid-svg-icons/-/free-solid-svg-icons-6.2.0.tgz#8dcde48109354fd7a5ece8ea48d678bb91d4b5f0"
    integrity sha512-UjCILHIQ4I8cN46EiQn0CZL/h8AwCGgR//1c4R96Q5viSRwuKVo0NdQEc4bm+69ZwC0dUvjbDqAHF1RR5FA3XA==
    dependencies:
      "@fortawesome/fontawesome-common-types" "6.2.0"
  
  "@gar/promisify@^1.0.1":
    version "1.1.3"
    resolved "https://registry.yarnpkg.com/@gar/promisify/-/promisify-1.1.3.tgz#555193ab2e3bb3b6adc3d551c9c030d9e860daf6"
    integrity sha512-k2Ty1JcVojjJFwrg/ThKi2ujJ7XNLYaFGNB/bWT9wGR+oSMJHMa5w+CUq6p/pVrKeNNgA7pCqEcjSnHVoqJQFw==
  
  "@humanwhocodes/config-array@^0.10.5":
    version "0.10.7"
    resolved "https://registry.yarnpkg.com/@humanwhocodes/config-array/-/config-array-0.10.7.tgz#6d53769fd0c222767e6452e8ebda825c22e9f0dc"
    integrity sha512-MDl6D6sBsaV452/QSdX+4CXIjZhIcI0PELsxUjk4U828yd58vk3bTIvk/6w5FY+4hIy9sLW0sfrV7K7Kc++j/w==
    dependencies:
      "@humanwhocodes/object-schema" "^1.2.1"
      debug "^4.1.1"
      minimatch "^3.0.4"
  
  "@humanwhocodes/module-importer@^1.0.1":
    version "1.0.1"
    resolved "https://registry.yarnpkg.com/@humanwhocodes/module-importer/-/module-importer-1.0.1.tgz#af5b2691a22b44be847b0ca81641c5fb6ad0172c"
    integrity sha512-bxveV4V8v5Yb4ncFTT3rPSgZBOpCkjfK0y4oVVVJwIuDVBRMDXrPyXRL988i5ap9m9bnyEEjWfm5WkBmtffLfA==
  
  "@humanwhocodes/object-schema@^1.2.1":
    version "1.2.1"
    resolved "https://registry.yarnpkg.com/@humanwhocodes/object-schema/-/object-schema-1.2.1.tgz#b520529ec21d8e5945a1851dfd1c32e94e39ff45"
    integrity sha512-ZnQMnLV4e7hDlUvw8H+U8ASL02SS2Gn6+9Ac3wGGLIe7+je2AeAOxPY+izIPJDfFDb7eDjev0Us8MO1iFRN8hA==
  
  "@ikomida/capacitor-plugin-status-bar@github:TIAltoNivel/capacitor-plugin-statusbar":
    version "4.0.1"
    resolved "git+ssh://git@github.com/TIAltoNivel/capacitor-plugin-statusbar.git#01f290d36dc05c68608f048187c282fc1939d943"
  
  "@ikomida/shared-frontend@^1.3.40":
    version "1.3.40"
    resolved "https://us-central1-npm.pkg.dev/ikomida-dev/node/@ikomida/shared-frontend/-/@ikomida/shared-frontend-1.3.40.tgz#b5d06e5ff939501ac68c067e9283ac22a169262e"
    integrity sha512-tTpYVLUhCJYrFvjsoXYaK4Sh7FKnpohAjg2kOkHGaJNpeAguHmi8XJCIRa4Ay8VGSc5cxOvw1ud6i0JYTPEVXQ==
    dependencies:
      "@ikomida/shared-logics" "^1.0.7"
      "@ikomida/shared-types" "^1.3.7"
      jose "^4.10.3"
      lodash "^4.17.21"
      react-image-file-resizer "^0.4.8"
  
  "@ikomida/shared-logics@^1.0.7":
    version "1.0.7"
    resolved "https://us-central1-npm.pkg.dev/ikomida-dev/node/@ikomida/shared-logics/-/@ikomida/shared-logics-1.0.7.tgz#cf7ba40a0e7d5e20d1ff76bfdde31270fe389f3b"
    integrity sha512-VrYKONfPEIQLn2kMYdc7tyiyZjKVV2o5P7U15uUzArPlkH7eNUHZ1ZHqL7lLzoTRHEx0o7haUfscH9lAsnyoGA==
    dependencies:
      luxon "^3.0.4"
  
  "@ikomida/shared-types@^1.3.7":
    version "1.3.7"
    resolved "https://us-central1-npm.pkg.dev/ikomida-dev/node/@ikomida/shared-types/-/@ikomida/shared-types-1.3.7.tgz#1e32e165265feb1ba500346f9ca7562edbdb8d3a"
    integrity sha512-QzRh0Bkc4CJONQn72eoPD51Eup57+2/H0BFL7Y1lBzYMhHlBRa0o1KBElYkYGrbZ6ByhLKPMV8rkN/C2BbBH7g==
  
  "@ionic/cli-framework-output@^2.2.5":
    version "2.2.5"
    resolved "https://registry.yarnpkg.com/@ionic/cli-framework-output/-/cli-framework-output-2.2.5.tgz#0db9fba7efe0c27bb5085b12ee01f22053e44152"
    integrity sha512-YeDLTnTaE6V4IDUxT8GDIep0GuRIFaR7YZDLANMuuWJZDmnTku6DP+MmQoltBeLmVvz1BAAZgk41xzxdq6H2FQ==
    dependencies:
      "@ionic/utils-terminal" "2.3.3"
      debug "^4.0.0"
      tslib "^2.0.1"
  
  "@ionic/utils-array@2.1.5":
    version "2.1.5"
    resolved "https://registry.yarnpkg.com/@ionic/utils-array/-/utils-array-2.1.5.tgz#15e4119b01e3978d58324a06d816959c25e248b6"
    integrity sha512-HD72a71IQVBmQckDwmA8RxNVMTbxnaLbgFOl+dO5tbvW9CkkSFCv41h6fUuNsSEVgngfkn0i98HDuZC8mk+lTA==
    dependencies:
      debug "^4.0.0"
      tslib "^2.0.1"
  
  "@ionic/utils-fs@3.1.6", "@ionic/utils-fs@^3.1.6":
    version "3.1.6"
    resolved "https://registry.yarnpkg.com/@ionic/utils-fs/-/utils-fs-3.1.6.tgz#f96cbf724fcc1612be5fc61367c815c0f97796fa"
    integrity sha512-eikrNkK89CfGPmexjTfSWl4EYqsPSBh0Ka7by4F0PLc1hJZYtJxUZV3X4r5ecA8ikjicUmcbU7zJmAjmqutG/w==
    dependencies:
      "@types/fs-extra" "^8.0.0"
      debug "^4.0.0"
      fs-extra "^9.0.0"
      tslib "^2.0.1"
  
  "@ionic/utils-object@2.1.5":
    version "2.1.5"
    resolved "https://registry.yarnpkg.com/@ionic/utils-object/-/utils-object-2.1.5.tgz#c1e58a711cdd4a30f46d23e241faf924424e010e"
    integrity sha512-XnYNSwfewUqxq+yjER1hxTKggftpNjFLJH0s37jcrNDwbzmbpFTQTVAp4ikNK4rd9DOebX/jbeZb8jfD86IYxw==
    dependencies:
      debug "^4.0.0"
      tslib "^2.0.1"
  
  "@ionic/utils-process@2.1.10":
    version "2.1.10"
    resolved "https://registry.yarnpkg.com/@ionic/utils-process/-/utils-process-2.1.10.tgz#35686d933520064859368dd70e691c1ff545d5d9"
    integrity sha512-mZ7JEowcuGQK+SKsJXi0liYTcXd2bNMR3nE0CyTROpMECUpJeAvvaBaPGZf5ERQUPeWBVuwqAqjUmIdxhz5bxw==
    dependencies:
      "@ionic/utils-object" "2.1.5"
      "@ionic/utils-terminal" "2.3.3"
      debug "^4.0.0"
      signal-exit "^3.0.3"
      tree-kill "^1.2.2"
      tslib "^2.0.1"
  
  "@ionic/utils-stream@3.1.5":
    version "3.1.5"
    resolved "https://registry.yarnpkg.com/@ionic/utils-stream/-/utils-stream-3.1.5.tgz#c8ec9fba30952d5e53a62ff2a3dad0d4283f2775"
    integrity sha512-hkm46uHvEC05X/8PHgdJi4l4zv9VQDELZTM+Kz69odtO9zZYfnt8DkfXHJqJ+PxmtiE5mk/ehJWLnn/XAczTUw==
    dependencies:
      debug "^4.0.0"
      tslib "^2.0.1"
  
  "@ionic/utils-subprocess@^2.1.11":
    version "2.1.11"
    resolved "https://registry.yarnpkg.com/@ionic/utils-subprocess/-/utils-subprocess-2.1.11.tgz#805b86c066fe3a50f6739551ca228d52f25ffeb2"
    integrity sha512-6zCDixNmZCbMCy5np8klSxOZF85kuDyzZSTTQKQP90ZtYNCcPYmuFSzaqDwApJT4r5L3MY3JrqK1gLkc6xiUPw==
    dependencies:
      "@ionic/utils-array" "2.1.5"
      "@ionic/utils-fs" "3.1.6"
      "@ionic/utils-process" "2.1.10"
      "@ionic/utils-stream" "3.1.5"
      "@ionic/utils-terminal" "2.3.3"
      cross-spawn "^7.0.3"
      debug "^4.0.0"
      tslib "^2.0.1"
  
  "@ionic/utils-terminal@2.3.3", "@ionic/utils-terminal@^2.3.3":
    version "2.3.3"
    resolved "https://registry.yarnpkg.com/@ionic/utils-terminal/-/utils-terminal-2.3.3.tgz#de118bbb07aae7eea833a9f8108bb7fe593cd26e"
    integrity sha512-RnuSfNZ5fLEyX3R5mtcMY97cGD1A0NVBbarsSQ6yMMfRJ5YHU7hHVyUfvZeClbqkBC/pAqI/rYJuXKCT9YeMCQ==
    dependencies:
      "@types/slice-ansi" "^4.0.0"
      debug "^4.0.0"
      signal-exit "^3.0.3"
      slice-ansi "^4.0.0"
      string-width "^4.1.0"
      strip-ansi "^6.0.0"
      tslib "^2.0.1"
      untildify "^4.0.0"
      wrap-ansi "^7.0.0"
  
  "@javascript-obfuscator/escodegen@2.3.0":
    version "2.3.0"
    resolved "https://registry.yarnpkg.com/@javascript-obfuscator/escodegen/-/escodegen-2.3.0.tgz#ff7eb7f8a7c004532e93b14ae8b2196dcf9a1a9e"
    integrity sha512-QVXwMIKqYMl3KwtTirYIA6gOCiJ0ZDtptXqAv/8KWLG9uQU2fZqTVy7a/A5RvcoZhbDoFfveTxuGxJ5ibzQtkw==
    dependencies:
      "@javascript-obfuscator/estraverse" "^5.3.0"
      esprima "^4.0.1"
      esutils "^2.0.2"
      optionator "^0.8.1"
    optionalDependencies:
      source-map "~0.6.1"
  
  "@javascript-obfuscator/estraverse@5.4.0", "@javascript-obfuscator/estraverse@^5.3.0":
    version "5.4.0"
    resolved "https://registry.yarnpkg.com/@javascript-obfuscator/estraverse/-/estraverse-5.4.0.tgz#6ddb28617356cfce9046a820f72af029f1bb5287"
    integrity sha512-CZFX7UZVN9VopGbjTx4UXaXsi9ewoM1buL0kY7j1ftYdSs7p2spv9opxFjHlQ/QGTgh4UqufYqJJ0WKLml7b6w==
  
  "@jridgewell/gen-mapping@^0.3.0":
    version "0.3.2"
    resolved "https://registry.yarnpkg.com/@jridgewell/gen-mapping/-/gen-mapping-0.3.2.tgz#c1aedc61e853f2bb9f5dfe6d4442d3b565b253b9"
    integrity sha512-mh65xKQAzI6iBcFzwv28KVWSmCkdRBWoOh+bYQGW3+6OZvbbN3TqMGo5hqYxQniRcH9F2VZIoJCm4pa3BPDK/A==
    dependencies:
      "@jridgewell/set-array" "^1.0.1"
      "@jridgewell/sourcemap-codec" "^1.4.10"
      "@jridgewell/trace-mapping" "^0.3.9"
  
  "@jridgewell/resolve-uri@3.1.0":
    version "3.1.0"
    resolved "https://registry.yarnpkg.com/@jridgewell/resolve-uri/-/resolve-uri-3.1.0.tgz#2203b118c157721addfe69d47b70465463066d78"
    integrity sha512-F2msla3tad+Mfht5cJq7LSXcdudKTWCVYUgw6pLFOOHSTtZlj6SWNYAp+AhuqLmWdBO2X5hPrLcu8cVP8fy28w==
  
  "@jridgewell/set-array@^1.0.1":
    version "1.1.2"
    resolved "https://registry.yarnpkg.com/@jridgewell/set-array/-/set-array-1.1.2.tgz#7c6cf998d6d20b914c0a55a91ae928ff25965e72"
    integrity sha512-xnkseuNADM0gt2bs+BvhO0p78Mk762YnZdsuzFV018NoG1Sj1SCQvpSqa7XUaTam5vAGasABV9qXASMKnFMwMw==
  
  "@jridgewell/source-map@^0.3.2":
    version "0.3.2"
    resolved "https://registry.yarnpkg.com/@jridgewell/source-map/-/source-map-0.3.2.tgz#f45351aaed4527a298512ec72f81040c998580fb"
    integrity sha512-m7O9o2uR8k2ObDysZYzdfhb08VuEml5oWGiosa1VdaPZ/A6QyPkAJuwN0Q1lhULOf6B7MtQmHENS743hWtCrgw==
    dependencies:
      "@jridgewell/gen-mapping" "^0.3.0"
      "@jridgewell/trace-mapping" "^0.3.9"
  
  "@jridgewell/sourcemap-codec@1.4.14", "@jridgewell/sourcemap-codec@^1.4.10":
    version "1.4.14"
    resolved "https://registry.yarnpkg.com/@jridgewell/sourcemap-codec/-/sourcemap-codec-1.4.14.tgz#add4c98d341472a289190b424efbdb096991bb24"
    integrity sha512-XPSJHWmi394fuUuzDnGz1wiKqWfo1yXecHQMRf2l6hztTO+nPru658AyDngaBe7isIxEkRsPR3FZh+s7iVa4Uw==
  
  "@jridgewell/trace-mapping@^0.3.9":
    version "0.3.17"
    resolved "https://registry.yarnpkg.com/@jridgewell/trace-mapping/-/trace-mapping-0.3.17.tgz#793041277af9073b0951a7fe0f0d8c4c98c36985"
    integrity sha512-MCNzAp77qzKca9+W/+I0+sEpaUnZoeasnghNeVc41VZCEKaCH73Vq3BZZ/SzWIgrqE4H4ceI+p+b6C0mHf9T4g==
    dependencies:
      "@jridgewell/resolve-uri" "3.1.0"
      "@jridgewell/sourcemap-codec" "1.4.14"
  
  "@nodelib/fs.scandir@2.1.5":
    version "2.1.5"
    resolved "https://registry.yarnpkg.com/@nodelib/fs.scandir/-/fs.scandir-2.1.5.tgz#7619c2eb21b25483f6d167548b4cfd5a7488c3d5"
    integrity sha512-vq24Bq3ym5HEQm2NKCr3yXDwjc7vTsEThRDnkp2DK9p1uqLR+DHurm/NOTo0KG7HYHU7eppKZj3MyqYuMBf62g==
    dependencies:
      "@nodelib/fs.stat" "2.0.5"
      run-parallel "^1.1.9"
  
  "@nodelib/fs.stat@2.0.5", "@nodelib/fs.stat@^2.0.2":
    version "2.0.5"
    resolved "https://registry.yarnpkg.com/@nodelib/fs.stat/-/fs.stat-2.0.5.tgz#5bd262af94e9d25bd1e71b05deed44876a222e8b"
    integrity sha512-RkhPPp2zrqDAQA/2jNhnztcPAlv64XdhIp7a7454A5ovI7Bukxgt7MX7udwAu3zg1DcpPU0rz3VV1SeaqvY4+A==
  
  "@nodelib/fs.walk@^1.2.3":
    version "1.2.8"
    resolved "https://registry.yarnpkg.com/@nodelib/fs.walk/-/fs.walk-1.2.8.tgz#e95737e8bb6746ddedf69c556953494f196fe69a"
    integrity sha512-oGB+UxlgWcgQkgwo8GcEGwemoTFt3FIO9ababBmaGwXIoBKZ+GTy0pP185beGg7Llih/NSHSV2XAs1lnznocSg==
    dependencies:
      "@nodelib/fs.scandir" "2.1.5"
      fastq "^1.6.0"
  
  "@npmcli/fs@^1.0.0":
    version "1.1.1"
    resolved "https://registry.yarnpkg.com/@npmcli/fs/-/fs-1.1.1.tgz#72f719fe935e687c56a4faecf3c03d06ba593257"
    integrity sha512-8KG5RD0GVP4ydEzRn/I4BNDuxDtqVbOdm8675T49OIG/NGhaK0pjPX7ZcDlvKYbA+ulvVK3ztfcF4uBdOxuJbQ==
    dependencies:
      "@gar/promisify" "^1.0.1"
      semver "^7.3.5"
  
  "@npmcli/move-file@^1.0.1":
    version "1.1.2"
    resolved "https://registry.yarnpkg.com/@npmcli/move-file/-/move-file-1.1.2.tgz#1a82c3e372f7cae9253eb66d72543d6b8685c674"
    integrity sha512-1SUf/Cg2GzGDyaf15aR9St9TWlb+XvbZXWpDx8YKs7MLzMH/BCeopv+y9vzrzgkfykCGuWOlSu3mZhj2+FQcrg==
    dependencies:
      mkdirp "^1.0.4"
      rimraf "^3.0.2"
  
  "@polka/url@^1.0.0-next.20":
    version "1.0.0-next.21"
    resolved "https://registry.yarnpkg.com/@polka/url/-/url-1.0.0-next.21.tgz#5de5a2385a35309427f6011992b544514d559aa1"
    integrity sha512-a5Sab1C4/icpTZVzZc5Ghpz88yQtGOyNqYXcZgOssB2uuAr+wF/MvN6bgtW32q7HHrvBki+BsZ0OuNv6EV3K9g==
  
  "@rollup/plugin-commonjs@^23.0.1":
    version "23.0.2"
    resolved "https://registry.yarnpkg.com/@rollup/plugin-commonjs/-/plugin-commonjs-23.0.2.tgz#3a3a5b7b1b1cb29037eb4992edcaae997d7ebd92"
    integrity sha512-e9ThuiRf93YlVxc4qNIurvv+Hp9dnD+4PjOqQs5vAYfcZ3+AXSrcdzXnVjWxcGQOa6KGJFcRZyUI3ktWLavFjg==
    dependencies:
      "@rollup/pluginutils" "^5.0.1"
      commondir "^1.0.1"
      estree-walker "^2.0.2"
      glob "^8.0.3"
      is-reference "1.2.1"
      magic-string "^0.26.4"
  
  "@rollup/plugin-json@^5.0.0":
    version "5.0.0"
    resolved "https://registry.yarnpkg.com/@rollup/plugin-json/-/plugin-json-5.0.0.tgz#1e3e18302637760353c83a41d1f3c4e760afb20d"
    integrity sha512-LsWDA5wJs/ggzakVuKQhZo7HPRcQZgBa3jWIVxQSFxaRToUGNi8ZBh3+k/gQ+1eInVYJgn4WBRCUkmoDrmmGzw==
    dependencies:
      "@rollup/pluginutils" "^4.2.1"
  
  "@rollup/plugin-node-resolve@^15.0.0":
    version "15.0.0"
    resolved "https://registry.yarnpkg.com/@rollup/plugin-node-resolve/-/plugin-node-resolve-15.0.0.tgz#44ded58b36702de27bf36bbf19ca420bbd1d0c27"
    integrity sha512-iwJbzfTzlzDDQcGmkS7EkCKwe2kSkdBrjX87Fy/KrNjr6UNnLpod0t6X66e502LRe5JJCA4FFqrEscWPnZAkig==
    dependencies:
      "@rollup/pluginutils" "^4.2.1"
      "@types/resolve" "1.20.2"
      deepmerge "^4.2.2"
      is-builtin-module "^3.2.0"
      is-module "^1.0.0"
      resolve "^1.22.1"
  
  "@rollup/plugin-replace@^5.0.0":
    version "5.0.0"
    resolved "https://registry.yarnpkg.com/@rollup/plugin-replace/-/plugin-replace-5.0.0.tgz#5c0384f3a5dc6016c8fb6884d1c68036e6af2a6b"
    integrity sha512-TiPmjMuBjQM+KLWK16O5TAM/eW4yXBYyQ17FbfeNzBC1t2kzX2aXoa8AlS9XTSmg6/2TNvkER1lMEEeN4Lhavw==
    dependencies:
      "@rollup/pluginutils" "^4.2.1"
      magic-string "^0.26.4"
  
  "@rollup/plugin-typescript@^9.0.1":
    version "9.0.1"
    resolved "https://registry.yarnpkg.com/@rollup/plugin-typescript/-/plugin-typescript-9.0.1.tgz#3358c78be36aecacb045c76433af06f4428588a2"
    integrity sha512-fj+CTk8+HvFCEwwDQdNgWd0lIJVXtMQ0Z3vH/ZgzFSbK2s1zs5wjZrjzrhViTTN+UF49+P69/tybgKRdGHpj/Q==
    dependencies:
      "@rollup/pluginutils" "^4.2.1"
      resolve "^1.22.1"
  
  "@rollup/pluginutils@4", "@rollup/pluginutils@^4.2.1":
    version "4.2.1"
    resolved "https://registry.yarnpkg.com/@rollup/pluginutils/-/pluginutils-4.2.1.tgz#e6c6c3aba0744edce3fb2074922d3776c0af2a6d"
    integrity sha512-iKnFXr7NkdZAIHiIWE+BX5ULi/ucVFYWD6TbAV+rZctiRTY2PL6tsIKhoIOaoskiWAkgu+VsbXgUVDNLHf+InQ==
    dependencies:
      estree-walker "^2.0.1"
      picomatch "^2.2.2"
  
  "@rollup/pluginutils@^5.0.1":
    version "5.0.2"
    resolved "https://registry.yarnpkg.com/@rollup/pluginutils/-/pluginutils-5.0.2.tgz#012b8f53c71e4f6f9cb317e311df1404f56e7a33"
    integrity sha512-pTd9rIsP92h+B6wWwFbW8RkZv4hiR/xKsqre4SIuAOaOEQRxi0lqLke9k2/7WegC85GgUs9pjmOjCUi3In4vwA==
    dependencies:
      "@types/estree" "^1.0.0"
      estree-walker "^2.0.2"
      picomatch "^2.3.1"
  
  "@tootallnate/once@1":
    version "1.1.2"
    resolved "https://registry.yarnpkg.com/@tootallnate/once/-/once-1.1.2.tgz#ccb91445360179a04e7fe6aff78c00ffc1eeaf82"
    integrity sha512-RbzJvlNzmRq5c3O09UipeuXno4tA1FE6ikOjxZK0tuxVv3412l64l5t1W5pj4+rJq9vpkm/kwiR07aZXnsKPxw==
  
  "@tsconfig/svelte@^3.0.0":
    version "3.0.0"
    resolved "https://registry.yarnpkg.com/@tsconfig/svelte/-/svelte-3.0.0.tgz#b06e059209f04c414de0069f2f0e2796d979fc6f"
    integrity sha512-pYrtLtOwku/7r1i9AMONsJMVYAtk3hzOfiGNekhtq5tYBGA7unMve8RvUclKLMT3PrihvJqUmzsRGh0RP84hKg==
  
  "@types/estree@*", "@types/estree@^1.0.0":
    version "1.0.0"
    resolved "https://registry.yarnpkg.com/@types/estree/-/estree-1.0.0.tgz#5fb2e536c1ae9bf35366eed879e827fa59ca41c2"
    integrity sha512-WulqXMDUTYAXCjZnk6JtIHPigp55cVtDgDrO2gHRwhyJto21+1zbVCtOYB2L1F9w4qCQ0rOGWBnBe0FNTiEJIQ==
  
  "@types/fs-extra@^8.0.0":
    version "8.1.2"
    resolved "https://registry.yarnpkg.com/@types/fs-extra/-/fs-extra-8.1.2.tgz#7125cc2e4bdd9bd2fc83005ffdb1d0ba00cca61f"
    integrity sha512-SvSrYXfWSc7R4eqnOzbQF4TZmfpNSM9FrSWLU3EUnWBuyZqNBOrv1B1JA3byUDPUl9z4Ab3jeZG2eDdySlgNMg==
    dependencies:
      "@types/node" "*"
  
  "@types/json-schema@^7.0.9":
    version "7.0.11"
    resolved "https://registry.yarnpkg.com/@types/json-schema/-/json-schema-7.0.11.tgz#d421b6c527a3037f7c84433fd2c4229e016863d3"
    integrity sha512-wOuvG1SN4Us4rez+tylwwwCV1psiNVOkJeM3AUWUNWg/jDQY2+HE/444y5gc+jBmRqASOm2Oeh5c1axHobwRKQ==
  
  "@types/linkify-it@*":
    version "3.0.2"
    resolved "https://registry.yarnpkg.com/@types/linkify-it/-/linkify-it-3.0.2.tgz#fd2cd2edbaa7eaac7e7f3c1748b52a19143846c9"
    integrity sha512-HZQYqbiFVWufzCwexrvh694SOim8z2d+xJl5UNamcvQFejLY/2YUtzXHYi3cHdI7PMlS8ejH2slRAOJQ32aNbA==
  
  "@types/markdown-it@^12.2.3":
    version "12.2.3"
    resolved "https://registry.yarnpkg.com/@types/markdown-it/-/markdown-it-12.2.3.tgz#0d6f6e5e413f8daaa26522904597be3d6cd93b51"
    integrity sha512-GKMHFfv3458yYy+v/N8gjufHO6MSZKCOXpZc5GXIWWy8uldwfmPn98vp81gZ5f9SVw8YYBctgfJ22a2d7AOMeQ==
    dependencies:
      "@types/linkify-it" "*"
      "@types/mdurl" "*"
  
  "@types/mdurl@*":
    version "1.0.2"
    resolved "https://registry.yarnpkg.com/@types/mdurl/-/mdurl-1.0.2.tgz#e2ce9d83a613bacf284c7be7d491945e39e1f8e9"
    integrity sha512-eC4U9MlIcu2q0KQmXszyn5Akca/0jrQmwDRgpAMJai7qBWq4amIQhZyNau4VYGtCeALvW1/NtjzJJ567aZxfKA==
  
  "@types/minimatch@^3.0.3":
    version "3.0.5"
    resolved "https://registry.yarnpkg.com/@types/minimatch/-/minimatch-3.0.5.tgz#1001cc5e6a3704b83c236027e77f2f58ea010f40"
    integrity sha512-Klz949h02Gz2uZCMGwDUSDS1YBlTdDDgbWHi+81l29tQALUtvz4rAYi5uoVhE5Lagoq6DeqAUlbrHvW/mXDgdQ==
  
  "@types/minimist@^1.2.0":
    version "1.2.2"
    resolved "https://registry.yarnpkg.com/@types/minimist/-/minimist-1.2.2.tgz#ee771e2ba4b3dc5b372935d549fd9617bf345b8c"
    integrity sha512-jhuKLIRrhvCPLqwPcx6INqmKeiA5EWrsCOPhrlFSrbrmU4ZMPjj5Ul/oLCMDO98XRUIwVm78xICz4EPCektzeQ==
  
  "@types/node@*":
    version "18.11.0"
    resolved "https://registry.yarnpkg.com/@types/node/-/node-18.11.0.tgz#f38c7139247a1d619f6cc6f27b072606af7c289d"
    integrity sha512-IOXCvVRToe7e0ny7HpT/X9Rb2RYtElG1a+VshjwT00HxrM2dWBApHQoqsI6WiY7Q03vdf2bCrIGzVrkF/5t10w==
  
  "@types/normalize-package-data@^2.4.0":
    version "2.4.1"
    resolved "https://registry.yarnpkg.com/@types/normalize-package-data/-/normalize-package-data-2.4.1.tgz#d3357479a0fdfdd5907fe67e17e0a85c906e1301"
    integrity sha512-Gj7cI7z+98M282Tqmp2K5EIsoouUEzbBJhQQzDE3jSIRk6r9gsz0oUokqIUR4u1R3dMHo0pDHM7sNOHyhulypw==
  
  "@types/pug@^2.0.4":
    version "2.0.6"
    resolved "https://registry.yarnpkg.com/@types/pug/-/pug-2.0.6.tgz#f830323c88172e66826d0bde413498b61054b5a6"
    integrity sha512-SnHmG9wN1UVmagJOnyo/qkk0Z7gejYxOYYmaAwr5u2yFYfsupN3sg10kyzN8Hep/2zbHxCnsumxOoRIRMBwKCg==
  
  "@types/resolve@1.20.2":
    version "1.20.2"
    resolved "https://registry.yarnpkg.com/@types/resolve/-/resolve-1.20.2.tgz#97d26e00cd4a0423b4af620abecf3e6f442b7975"
    integrity sha512-60BCwRFOZCQhDncwQdxxeOEEkbc5dIMccYLwbxsS4TUNeVECQ/pBJ0j09mrHOl/JJvpRPGwO9SvE4nR2Nb/a4Q==
  
  "@types/sass@^1.16.0":
    version "1.43.1"
    resolved "https://registry.yarnpkg.com/@types/sass/-/sass-1.43.1.tgz#86bb0168e9e881d7dade6eba16c9ed6d25dc2f68"
    integrity sha512-BPdoIt1lfJ6B7rw35ncdwBZrAssjcwzI5LByIrYs+tpXlj/CAkuVdRsgZDdP4lq5EjyWzwxZCqAoFyHKFwp32g==
    dependencies:
      "@types/node" "*"
  
  "@types/semver@^7.3.12":
    version "7.3.12"
    resolved "https://registry.yarnpkg.com/@types/semver/-/semver-7.3.12.tgz#920447fdd78d76b19de0438b7f60df3c4a80bf1c"
    integrity sha512-WwA1MW0++RfXmCr12xeYOOC5baSC9mSb0ZqCquFzKhcoF4TvHu5MKOuXsncgZcpVFhB1pXd5hZmM0ryAoCp12A==
  
  "@types/slice-ansi@^4.0.0":
    version "4.0.0"
    resolved "https://registry.yarnpkg.com/@types/slice-ansi/-/slice-ansi-4.0.0.tgz#eb40dfbe3ac5c1de61f6bcb9ed471f54baa989d6"
    integrity sha512-+OpjSaq85gvlZAYINyzKpLeiFkSC4EsC6IIiT6v6TLSU5k5U83fHGj9Lel8oKEXM0HqgrMVCjXPDPVICtxF7EQ==
  
  "@types/uuid@^8.3.4":
    version "8.3.4"
    resolved "https://registry.yarnpkg.com/@types/uuid/-/uuid-8.3.4.tgz#bd86a43617df0594787d38b735f55c805becf1bc"
    integrity sha512-c/I8ZRb51j+pYGAu5CrFMRxqZ2ke4y2grEBO5AUjgSkSk+qT2Ea+OdWElz/OiMf5MNpn2b17kuVBwZLQJXzihw==
  
  "@typescript-eslint/eslint-plugin@^5.40.1":
    version "5.40.1"
    resolved "https://registry.yarnpkg.com/@typescript-eslint/eslint-plugin/-/eslint-plugin-5.40.1.tgz#3203a6ff396b1194083faaa6e5110c401201d7d5"
    integrity sha512-FsWboKkWdytGiXT5O1/R9j37YgcjO8MKHSUmWnIEjVaz0krHkplPnYi7mwdb+5+cs0toFNQb0HIrN7zONdIEWg==
    dependencies:
      "@typescript-eslint/scope-manager" "5.40.1"
      "@typescript-eslint/type-utils" "5.40.1"
      "@typescript-eslint/utils" "5.40.1"
      debug "^4.3.4"
      ignore "^5.2.0"
      regexpp "^3.2.0"
      semver "^7.3.7"
      tsutils "^3.21.0"
  
  "@typescript-eslint/parser@^5.40.1":
    version "5.40.1"
    resolved "https://registry.yarnpkg.com/@typescript-eslint/parser/-/parser-5.40.1.tgz#e7f8295dd8154d0d37d661ddd8e2f0ecfdee28dd"
    integrity sha512-IK6x55va5w4YvXd4b3VrXQPldV9vQTxi5ov+g4pMANsXPTXOcfjx08CRR1Dfrcc51syPtXHF5bgLlMHYFrvQtg==
    dependencies:
      "@typescript-eslint/scope-manager" "5.40.1"
      "@typescript-eslint/types" "5.40.1"
      "@typescript-eslint/typescript-estree" "5.40.1"
      debug "^4.3.4"
  
  "@typescript-eslint/scope-manager@5.40.1":
    version "5.40.1"
    resolved "https://registry.yarnpkg.com/@typescript-eslint/scope-manager/-/scope-manager-5.40.1.tgz#a7a5197dfd234622a2421ea590ee0ccc02e18dfe"
    integrity sha512-jkn4xsJiUQucI16OLCXrLRXDZ3afKhOIqXs4R3O+M00hdQLKR58WuyXPZZjhKLFCEP2g+TXdBRtLQ33UfAdRUg==
    dependencies:
      "@typescript-eslint/types" "5.40.1"
      "@typescript-eslint/visitor-keys" "5.40.1"
  
  "@typescript-eslint/type-utils@5.40.1":
    version "5.40.1"
    resolved "https://registry.yarnpkg.com/@typescript-eslint/type-utils/-/type-utils-5.40.1.tgz#091e4ce3bebbdb68f4980bae9dee2e4e1725f601"
    integrity sha512-DLAs+AHQOe6n5LRraXiv27IYPhleF0ldEmx6yBqBgBLaNRKTkffhV1RPsjoJBhVup2zHxfaRtan8/YRBgYhU9Q==
    dependencies:
      "@typescript-eslint/typescript-estree" "5.40.1"
      "@typescript-eslint/utils" "5.40.1"
      debug "^4.3.4"
      tsutils "^3.21.0"
  
  "@typescript-eslint/types@5.40.1":
    version "5.40.1"
    resolved "https://registry.yarnpkg.com/@typescript-eslint/types/-/types-5.40.1.tgz#de37f4f64de731ee454bb2085d71030aa832f749"
    integrity sha512-Icg9kiuVJSwdzSQvtdGspOlWNjVDnF3qVIKXdJ103o36yRprdl3Ge5cABQx+csx960nuMF21v8qvO31v9t3OHw==
  
  "@typescript-eslint/typescript-estree@5.40.1":
    version "5.40.1"
    resolved "https://registry.yarnpkg.com/@typescript-eslint/typescript-estree/-/typescript-estree-5.40.1.tgz#9a7d25492f02c69882ce5e0cd1857b0c55645d72"
    integrity sha512-5QTP/nW5+60jBcEPfXy/EZL01qrl9GZtbgDZtDPlfW5zj/zjNrdI2B5zMUHmOsfvOr2cWqwVdWjobCiHcedmQA==
    dependencies:
      "@typescript-eslint/types" "5.40.1"
      "@typescript-eslint/visitor-keys" "5.40.1"
      debug "^4.3.4"
      globby "^11.1.0"
      is-glob "^4.0.3"
      semver "^7.3.7"
      tsutils "^3.21.0"
  
  "@typescript-eslint/utils@5.40.1":
    version "5.40.1"
    resolved "https://registry.yarnpkg.com/@typescript-eslint/utils/-/utils-5.40.1.tgz#3204fb73a559d3b7bab7dc9d3c44487c2734a9ca"
    integrity sha512-a2TAVScoX9fjryNrW6BZRnreDUszxqm9eQ9Esv8n5nXApMW0zeANUYlwh/DED04SC/ifuBvXgZpIK5xeJHQ3aw==
    dependencies:
      "@types/json-schema" "^7.0.9"
      "@types/semver" "^7.3.12"
      "@typescript-eslint/scope-manager" "5.40.1"
      "@typescript-eslint/types" "5.40.1"
      "@typescript-eslint/typescript-estree" "5.40.1"
      eslint-scope "^5.1.1"
      eslint-utils "^3.0.0"
      semver "^7.3.7"
  
  "@typescript-eslint/visitor-keys@5.40.1":
    version "5.40.1"
    resolved "https://registry.yarnpkg.com/@typescript-eslint/visitor-keys/-/visitor-keys-5.40.1.tgz#f3d2bf5af192f4432b84cec6fdcb387193518754"
    integrity sha512-A2DGmeZ+FMja0geX5rww+DpvILpwo1OsiQs0M+joPWJYsiEFBLsH0y1oFymPNul6Z5okSmHpP4ivkc2N0Cgfkw==
    dependencies:
      "@typescript-eslint/types" "5.40.1"
      eslint-visitor-keys "^3.3.0"
  
  abbrev@1:
    version "1.1.1"
    resolved "https://registry.yarnpkg.com/abbrev/-/abbrev-1.1.1.tgz#f8f2c887ad10bf67f634f005b6987fed3179aac8"
    integrity sha512-nne9/IiQ/hzIhY6pdDnbBtz7DjPTKrY00P/zvPSm5pOFkl6xuGrGnXn/VtTNNfNtAfZ9/1RtehkszU9qcTii0Q==
  
  abort-controller@^3.0.0:
    version "3.0.0"
    resolved "https://registry.yarnpkg.com/abort-controller/-/abort-controller-3.0.0.tgz#eaf54d53b62bae4138e809ca225c8439a6efb392"
    integrity sha512-h8lQ8tacZYnR3vNQTgibj+tODHI5/+l06Au2Pcriv/Gmet0eaj4TwWH41sO9wnHDiQsEj19q0drzdWdeAHtweg==
    dependencies:
      event-target-shim "^5.0.0"
  
  acorn-jsx@^5.3.2:
    version "5.3.2"
    resolved "https://registry.yarnpkg.com/acorn-jsx/-/acorn-jsx-5.3.2.tgz#7ed5bb55908b3b2f1bc55c6af1653bada7f07937"
    integrity sha512-rq9s+JNhf0IChjtDXxllJ7g41oZk5SlXtp0LHwyA5cejwn7vKmKp4pPri6YEePv2PU65sAsegbXtIinmDFDXgQ==
  
  acorn@8.7.0:
    version "8.7.0"
    resolved "https://registry.yarnpkg.com/acorn/-/acorn-8.7.0.tgz#90951fde0f8f09df93549481e5fc141445b791cf"
    integrity sha512-V/LGr1APy+PXIwKebEWrkZPwoeoF+w1jiOBUmuxuiUIaOHtob8Qc9BTrYo7VuI5fR8tqsy+buA2WFooR5olqvQ==
  
  acorn@^8.5.0, acorn@^8.8.0:
    version "8.8.0"
    resolved "https://registry.yarnpkg.com/acorn/-/acorn-8.8.0.tgz#88c0187620435c7f6015803f5539dae05a9dbea8"
    integrity sha512-QOxyigPVrpZ2GXT+PFyZTl6TtOFc5egxHIP9IlQ+RbupQuX4RkT/Bee4/kQuC02Xkzg84JcT7oLYtDIQxp+v7w==
  
  agent-base@6, agent-base@^6.0.2:
    version "6.0.2"
    resolved "https://registry.yarnpkg.com/agent-base/-/agent-base-6.0.2.tgz#49fff58577cfee3f37176feab4c22e00f86d7f77"
    integrity sha512-RZNwNclF7+MS/8bDg70amg32dyeZGZxiDuQmZxKLAlQjr3jGyLx+4Kkk58UO7D2QdgFIQCovuSuZESne6RG6XQ==
    dependencies:
      debug "4"
  
  agentkeepalive@^4.1.3:
    version "4.2.1"
    resolved "https://registry.yarnpkg.com/agentkeepalive/-/agentkeepalive-4.2.1.tgz#a7975cbb9f83b367f06c90cc51ff28fe7d499717"
    integrity sha512-Zn4cw2NEqd+9fiSVWMscnjyQ1a8Yfoc5oBajLeo5w+YBHgDUcEBY2hS4YpTz6iN5f/2zQiktcuM6tS8x1p9dpA==
    dependencies:
      debug "^4.1.0"
      depd "^1.1.2"
      humanize-ms "^1.2.1"
  
  aggregate-error@^3.0.0:
    version "3.1.0"
    resolved "https://registry.yarnpkg.com/aggregate-error/-/aggregate-error-3.1.0.tgz#92670ff50f5359bdb7a3e0d40d0ec30c5737687a"
    integrity sha512-4I7Td01quW/RpocfNayFdFVk1qSuoh0E7JrbRJ16nH01HhKFQ88INq9Sd+nd72zqRySlr9BmDA8xlEJ6vJMrYA==
    dependencies:
      clean-stack "^2.0.0"
      indent-string "^4.0.0"
  
  ajv@^6.10.0, ajv@^6.12.3, ajv@^6.12.4:
    version "6.12.6"
    resolved "https://registry.yarnpkg.com/ajv/-/ajv-6.12.6.tgz#baf5a62e802b07d977034586f8c3baf5adf26df4"
    integrity sha512-j3fVLgvTo527anyYyJOGTYJbG+vnnQYvE0m5mmkc1TK+nxAppkCLMIL0aZ4dblVCNoGShhm+kzE4ZUykBoMg4g==
    dependencies:
      fast-deep-equal "^3.1.1"
      fast-json-stable-stringify "^2.0.0"
      json-schema-traverse "^0.4.1"
      uri-js "^4.2.2"
  
  ansi-regex@^5.0.1:
    version "5.0.1"
    resolved "https://registry.yarnpkg.com/ansi-regex/-/ansi-regex-5.0.1.tgz#082cb2c89c9fe8659a311a53bd6a4dc5301db304"
    integrity sha512-quJQXlTSUGL2LH9SUXo8VwsY4soanhgo6LNSm84E1LBcE8s3O0wpdiRzyR9z/ZZJMlMWv37qOOb9pdJlMUEKFQ==
  
  ansi-styles@^3.2.1:
    version "3.2.1"
    resolved "https://registry.yarnpkg.com/ansi-styles/-/ansi-styles-3.2.1.tgz#41fbb20243e50b12be0f04b8dedbf07520ce841d"
    integrity sha512-VT0ZI6kZRdTh8YyJw3SMbYm/u+NqfsAxEpWO0Pf9sq8/e94WxxOpPKx9FR1FlyCtOVDNOQ+8ntlqFxiRc+r5qA==
    dependencies:
      color-convert "^1.9.0"
  
  ansi-styles@^4.0.0, ansi-styles@^4.1.0:
    version "4.3.0"
    resolved "https://registry.yarnpkg.com/ansi-styles/-/ansi-styles-4.3.0.tgz#edd803628ae71c04c85ae7a0906edad34b648937"
    integrity sha512-zbB9rCJAT1rbjiVDb2hqKFHNYLxgtk8NURxZ3IZwD3F6NtxbXZQCnnSi1Lkx+IDohdPlFp222wVALIheZJQSEg==
    dependencies:
      color-convert "^2.0.1"
  
  anymatch@~3.1.2:
    version "3.1.2"
    resolved "https://registry.yarnpkg.com/anymatch/-/anymatch-3.1.2.tgz#c0557c096af32f106198f4f4e2a383537e378716"
    integrity sha512-P43ePfOAIupkguHUycrc4qJ9kz8ZiuOUijaETwX7THt0Y/GNK7v0aa8rY816xWjZ7rJdA5XdMcpVFTKMq+RvWg==
    dependencies:
      normalize-path "^3.0.0"
      picomatch "^2.0.4"
  
  "aproba@^1.0.3 || ^2.0.0":
    version "2.0.0"
    resolved "https://registry.yarnpkg.com/aproba/-/aproba-2.0.0.tgz#52520b8ae5b569215b354efc0caa3fe1e45a8adc"
    integrity sha512-lYe4Gx7QT+MKGbDsA+Z+he/Wtef0BiwDOlK/XkBrdfsh9J/jPPXbX0tE9x9cl27Tmu5gg3QUbUrQYa/y+KOHPQ==
  
  are-we-there-yet@^2.0.0:
    version "2.0.0"
    resolved "https://registry.yarnpkg.com/are-we-there-yet/-/are-we-there-yet-2.0.0.tgz#372e0e7bd279d8e94c653aaa1f67200884bf3e1c"
    integrity sha512-Ci/qENmwHnsYo9xKIcUJN5LeDKdJ6R1Z1j9V/J5wyq8nh/mYPEpIKJbBZXtZjG04HiK7zV/p6Vs9952MrMeUIw==
    dependencies:
      delegates "^1.0.0"
      readable-stream "^3.6.0"
  
  are-we-there-yet@^3.0.0:
    version "3.0.1"
    resolved "https://registry.yarnpkg.com/are-we-there-yet/-/are-we-there-yet-3.0.1.tgz#679df222b278c64f2cdba1175cdc00b0d96164bd"
    integrity sha512-QZW4EDmGwlYur0Yyf/b2uGucHQMa8aFUP7eu9ddR73vvhFyt4V0Vl3QHPcTNJ8l6qYOBdxgXdnBXQrHilfRQBg==
    dependencies:
      delegates "^1.0.0"
      readable-stream "^3.6.0"
  
  argparse@^2.0.1:
    version "2.0.1"
    resolved "https://registry.yarnpkg.com/argparse/-/argparse-2.0.1.tgz#246f50f3ca78a3240f6c997e8a9bd1eac49e4b38"
    integrity sha512-8+9WqebbFzpX9OR+Wa6O29asIogeRMzcGtAINdpMHHyAg10f05aSFVBbcEqGf/PXw1EjAZ+q2/bEBg3DvurK3Q==
  
  array-differ@^3.0.0:
    version "3.0.0"
    resolved "https://registry.yarnpkg.com/array-differ/-/array-differ-3.0.0.tgz#3cbb3d0f316810eafcc47624734237d6aee4ae6b"
    integrity sha512-THtfYS6KtME/yIAhKjZ2ul7XI96lQGHRputJQHO80LAWQnuGP4iCIN8vdMRboGbIEYBwU33q8Tch1os2+X0kMg==
  
  array-union@^2.1.0:
    version "2.1.0"
    resolved "https://registry.yarnpkg.com/array-union/-/array-union-2.1.0.tgz#b798420adbeb1de828d84acd8a2e23d3efe85e8d"
    integrity sha512-HGyxoOTYUyCM6stUe6EJgnd4EoewAI7zMdfqO+kGjnlZmBDz/cR5pf8r/cR4Wq60sL/p0IkcjUEEPwS3GFrIyw==
  
  arrify@^1.0.1:
    version "1.0.1"
    resolved "https://registry.yarnpkg.com/arrify/-/arrify-1.0.1.tgz#898508da2226f380df904728456849c1501a4b0d"
    integrity sha512-3CYzex9M9FGQjCGMGyi6/31c8GJbgb0qGyrx5HWxPd0aCwh4cB2YjMb2Xf9UuoogrMrlO9cTqnB5rI5GHZTcUA==
  
  arrify@^2.0.0, arrify@^2.0.1:
    version "2.0.1"
    resolved "https://registry.yarnpkg.com/arrify/-/arrify-2.0.1.tgz#c9655e9331e0abcd588d2a7cad7e9956f66701fa"
    integrity sha512-3duEwti880xqi4eAMN8AyR4a0ByT90zoYdLlevfrvU43vb0YZwZVfxOgxWrLXXXpyugL0hNZc9G6BiB5B3nUug==
  
  asn1@~0.2.3:
    version "0.2.6"
    resolved "https://registry.yarnpkg.com/asn1/-/asn1-0.2.6.tgz#0d3a7bb6e64e02a90c0303b31f292868ea09a08d"
    integrity sha512-ix/FxPn0MDjeyJ7i/yoHGFt/EX6LyNbxSEhPPXODPL+KB0VPk86UYfL0lMdy+KCnv+fmvIzySwaK5COwqVbWTQ==
    dependencies:
      safer-buffer "~2.1.0"
  
  assert-plus@1.0.0, assert-plus@^1.0.0:
    version "1.0.0"
    resolved "https://registry.yarnpkg.com/assert-plus/-/assert-plus-1.0.0.tgz#f12e0f3c5d77b0b1cdd9146942e4e96c1e4dd525"
    integrity sha512-NfJ4UzBCcQGLDlQq7nHxH+tv3kyZ0hHQqF5BO6J7tNJeP5do1llPr8dZ8zHonfhAu0PHAdMkSo+8o0wxg9lZWw==
  
  assert@2.0.0:
    version "2.0.0"
    resolved "https://registry.yarnpkg.com/assert/-/assert-2.0.0.tgz#95fc1c616d48713510680f2eaf2d10dd22e02d32"
    integrity sha512-se5Cd+js9dXJnu6Ag2JFc00t+HmHOen+8Q+L7O9zI0PqQXr20uk2J0XQqMxZEeo5U50o8Nvmmx7dZrl+Ufr35A==
    dependencies:
      es6-object-assign "^1.1.0"
      is-nan "^1.2.1"
      object-is "^1.0.1"
      util "^0.12.0"
  
  astral-regex@^2.0.0:
    version "2.0.0"
    resolved "https://registry.yarnpkg.com/astral-regex/-/astral-regex-2.0.0.tgz#483143c567aeed4785759c0865786dc77d7d2e31"
    integrity sha512-Z7tMw1ytTXt5jqMcOP+OQteU1VuNK9Y02uuJtKQ1Sv69jXQKKg5cibLwGJow8yzZP+eAc18EmLGPal0bp36rvQ==
  
  async-foreach@^0.1.3:
    version "0.1.3"
    resolved "https://registry.yarnpkg.com/async-foreach/-/async-foreach-0.1.3.tgz#36121f845c0578172de419a97dbeb1d16ec34542"
    integrity sha512-VUeSMD8nEGBWaZK4lizI1sf3yEC7pnAQ/mrI7pC2fBz2s/tq5jWWEngTwaf0Gruu/OoXRGLGg1XFqpYBiGTYJA==
  
  asynckit@^0.4.0:
    version "0.4.0"
    resolved "https://registry.yarnpkg.com/asynckit/-/asynckit-0.4.0.tgz#c79ed97f7f34cb8f2ba1bc9790bcc366474b4b79"
    integrity sha512-Oei9OH4tRh0YqU3GxhX79dM/mwVgvbZJaSNaRk+bshkj0S5cfHcgYakreBjrHwatXKbz+IoIdYLxrKim2MjW0Q==
  
  at-least-node@^1.0.0:
    version "1.0.0"
    resolved "https://registry.yarnpkg.com/at-least-node/-/at-least-node-1.0.0.tgz#602cd4b46e844ad4effc92a8011a3c46e0238dc2"
    integrity sha512-+q/t7Ekv1EDY2l6Gda6LLiX14rU9TV20Wa3ofeQmwPFZbOMo9DXrLbOjFaaclkXKWidIaopwAObQDqwWtGUjqg==
  
  available-typed-arrays@^1.0.5:
    version "1.0.5"
    resolved "https://registry.yarnpkg.com/available-typed-arrays/-/available-typed-arrays-1.0.5.tgz#92f95616501069d07d10edb2fc37d3e1c65123b7"
    integrity sha512-DMD0KiN46eipeziST1LPP/STfDU0sufISXmjSgvVsoU2tqxctQeASejWcfNtxYKqETM1UxQ8sp2OrSBWpHY6sw==
  
  aws-sign2@~0.7.0:
    version "0.7.0"
    resolved "https://registry.yarnpkg.com/aws-sign2/-/aws-sign2-0.7.0.tgz#b46e890934a9591f2d2f6f86d7e6a9f1b3fe76a8"
    integrity sha512-08kcGqnYf/YmjoRhfxyu+CLxBjUtHLXLXX/vUfx9l2LYzG3c1m61nrpyFUZI6zeS+Li/wWMMidD9KgrqtGq3mA==
  
  aws4@^1.8.0:
    version "1.11.0"
    resolved "https://registry.yarnpkg.com/aws4/-/aws4-1.11.0.tgz#d61f46d83b2519250e2784daf5b09479a8b41c59"
    integrity sha512-xh1Rl34h6Fi1DC2WWKfxUTVqRsNnr6LsKz2+hfwDxQJWmrx8+c7ylaqBMcHfl1U1r2dsifOvKX3LQuLNZ+XSvA==
  
  balanced-match@^1.0.0:
    version "1.0.2"
    resolved "https://registry.yarnpkg.com/balanced-match/-/balanced-match-1.0.2.tgz#e83e3a7e3f300b34cb9d87f615fa0cbf357690ee"
    integrity sha512-3oSeUO0TMV67hN1AmbXsK4yaqU7tjiHlbxRDZOpH0KW9+CeX4bRAaX0Anxt0tx2MrpRpWwQaPwIlISEJhYU5Pw==
  
  base64-arraybuffer@^1.0.2:
    version "1.0.2"
    resolved "https://registry.yarnpkg.com/base64-arraybuffer/-/base64-arraybuffer-1.0.2.tgz#1c37589a7c4b0746e34bd1feb951da2df01c1bdc"
    integrity sha512-I3yl4r9QB5ZRY3XuJVEPfc2XhZO6YweFPI+UovAzn+8/hb3oJ6lnysaFcjVpkCPfVWFUDvoZ8kmVDP7WyRtYtQ==
  
  base64-js@^1.3.0, base64-js@^1.5.1:
    version "1.5.1"
    resolved "https://registry.yarnpkg.com/base64-js/-/base64-js-1.5.1.tgz#1b1b440160a5bf7ad40b650f095963481903930a"
    integrity sha512-AKpaYlHn8t4SVbOHCy+b5+KKgvR4vrsD8vbvrbiQJps7fKDTkjkDry6ji0rUJjC0kzbNePLwzxq8iypo41qeWA==
  
  bcrypt-pbkdf@^1.0.0:
    version "1.0.2"
    resolved "https://registry.yarnpkg.com/bcrypt-pbkdf/-/bcrypt-pbkdf-1.0.2.tgz#a4301d389b6a43f9b67ff3ca11a3f6637e360e9e"
    integrity sha512-qeFIXtP4MSoi6NLqO12WfqARWWuCKi2Rn/9hJLEmtB5yTNr9DqFWkJRCf2qShWzPeAMRnOgCrq0sg/KLv5ES9w==
    dependencies:
      tweetnacl "^0.14.3"
  
  big-integer@1.6.x:
    version "1.6.51"
    resolved "https://registry.yarnpkg.com/big-integer/-/big-integer-1.6.51.tgz#0df92a5d9880560d3ff2d5fd20245c889d130686"
    integrity sha512-GPEid2Y9QU1Exl1rpO9B2IPJGHPSupF5GnVIP0blYvNOMer2bTvSWs1jGOUg04hTmu67nmLsQ9TBo1puaotBHg==
  
  big.js@^6.1.1:
    version "6.2.1"
    resolved "https://registry.yarnpkg.com/big.js/-/big.js-6.2.1.tgz#7205ce763efb17c2e41f26f121c420c6a7c2744f"
    integrity sha512-bCtHMwL9LeDIozFn+oNhhFoq+yQ3BNdnsLSASUxLciOb1vgvpHsIO1dsENiGMgbb4SkP5TrzWzRiLddn8ahVOQ==
  
  bignumber.js@^9.0.0:
    version "9.1.0"
    resolved "https://registry.yarnpkg.com/bignumber.js/-/bignumber.js-9.1.0.tgz#8d340146107fe3a6cb8d40699643c302e8773b62"
    integrity sha512-4LwHK4nfDOraBCtst+wOWIHbu1vhvAPJK8g8nROd4iuc3PSEjWif/qwbkh8jwCJz6yDBvtU4KPynETgrfh7y3A==
  
  binary-extensions@^2.0.0:
    version "2.2.0"
    resolved "https://registry.yarnpkg.com/binary-extensions/-/binary-extensions-2.2.0.tgz#75f502eeaf9ffde42fc98829645be4ea76bd9e2d"
    integrity sha512-jDctJ/IVQbZoJykoeHbhXpOlNBqGNcwXJKJog42E5HDPUwQTSdjCHdihjj0DlnheQ7blbT6dHOafNAiS8ooQKA==
  
  bluebird@^3.7.2:
    version "3.7.2"
    resolved "https://registry.yarnpkg.com/bluebird/-/bluebird-3.7.2.tgz#9f229c15be272454ffa973ace0dbee79a1b0c36f"
    integrity sha512-XpNj6GDQzdfW+r2Wnn7xiSAd7TM3jzkxGXBGTtWKuSXv1xUV+azxAm8jdWZN06QTQk+2N2XB9jRDkvbmQmcRtg==
  
  bplist-parser@^0.3.2:
    version "0.3.2"
    resolved "https://registry.yarnpkg.com/bplist-parser/-/bplist-parser-0.3.2.tgz#3ac79d67ec52c4c107893e0237eb787cbacbced7"
    integrity sha512-apC2+fspHGI3mMKj+dGevkGo/tCqVB8jMb6i+OX+E29p0Iposz07fABkRIfVUPNd5A5VbuOz1bZbnmkKLYF+wQ==
    dependencies:
      big-integer "1.6.x"
  
  brace-expansion@^1.1.7:
    version "1.1.11"
    resolved "https://registry.yarnpkg.com/brace-expansion/-/brace-expansion-1.1.11.tgz#3c7fcbf529d87226f3d2f52b966ff5271eb441dd"
    integrity sha512-iCuPHDFgrHX7H2vEI/5xpz07zSHB00TpugqhmYtVmMO6518mCuRMoOYFldEBl0g187ufozdaHgWKcYFb61qGiA==
    dependencies:
      balanced-match "^1.0.0"
      concat-map "0.0.1"
  
  brace-expansion@^2.0.1:
    version "2.0.1"
    resolved "https://registry.yarnpkg.com/brace-expansion/-/brace-expansion-2.0.1.tgz#1edc459e0f0c548486ecf9fc99f2221364b9a0ae"
    integrity sha512-XnAIvQ8eM+kC6aULx6wuQiwVsnzsi9d3WxzV3FpWTGA19F621kwdbsAcFKXgKUHZWsy+mY6iL1sHTxWEFCytDA==
    dependencies:
      balanced-match "^1.0.0"
  
  braces@^3.0.2, braces@~3.0.2:
    version "3.0.2"
    resolved "https://registry.yarnpkg.com/braces/-/braces-3.0.2.tgz#3454e1a462ee8d599e236df336cd9ea4f8afe107"
    integrity sha512-b8um+L1RzM3WDSzvhm6gIz1yfTbBt6YTlcEKAvsmqCZZFw46z626lVj9j1yEPW33H5H+lBQpZMP1k8l+78Ha0A==
    dependencies:
      fill-range "^7.0.1"
  
  buffer-crc32@^0.2.5, buffer-crc32@~0.2.3:
    version "0.2.13"
    resolved "https://registry.yarnpkg.com/buffer-crc32/-/buffer-crc32-0.2.13.tgz#0d333e3f00eac50aa1454abd30ef8c2a5d9a7242"
    integrity sha512-VO9Ht/+p3SN7SKWqcrgEzjGbRSJYTx+Q1pTQC0wrWqHx0vpJraQ6GtHx8tvcg1rlK1byhU5gccxgOgj7B0TDkQ==
  
  buffer-equal-constant-time@1.0.1:
    version "1.0.1"
    resolved "https://registry.yarnpkg.com/buffer-equal-constant-time/-/buffer-equal-constant-time-1.0.1.tgz#f8e71132f7ffe6e01a5c9697a4c6f3e48d5cc819"
    integrity sha512-zRpUiDwd/xk6ADqPMATG8vc9VPrkck7T07OIx0gnjmJAnHnTVXNQG3vfvWNuiZIkwu9KrKdA1iJKfsfTVxE6NA==
  
  buffer-from@^1.0.0:
    version "1.1.2"
    resolved "https://registry.yarnpkg.com/buffer-from/-/buffer-from-1.1.2.tgz#2b146a6fd72e80b4f55d255f35ed59a3a9a41bd5"
    integrity sha512-E+XQCRwSbaaiChtv6k6Dwgc+bx+Bs6vuKJHHl5kox/BaKbhiXzqQOwK4cO22yElGp2OCmjwVhT3HmxgyPGnJfQ==
  
  builtin-modules@^3.3.0:
    version "3.3.0"
    resolved "https://registry.yarnpkg.com/builtin-modules/-/builtin-modules-3.3.0.tgz#cae62812b89801e9656336e46223e030386be7b6"
    integrity sha512-zhaCDicdLuWN5UbN5IMnFqNMhNfo919sH85y2/ea+5Yg9TsTkeZxpL+JLbp6cgYFS4sRLp3YV4S6yDuqVWHYOw==
  
  builtins@^2.0.0:
    version "2.0.1"
    resolved "https://registry.yarnpkg.com/builtins/-/builtins-2.0.1.tgz#42a4d6fe38973a7c185b435970d13e5e70f70f3c"
    integrity sha512-XkkVe5QAb6guWPXTzpSrYpSlN3nqEmrrE2TkAr/tp7idSF6+MONh9WvKrAuR3HiKLvoSgmbs8l1U9IPmMrIoLw==
    dependencies:
      semver "^6.0.0"
  
  cacache@^15.2.0:
    version "15.3.0"
    resolved "https://registry.yarnpkg.com/cacache/-/cacache-15.3.0.tgz#dc85380fb2f556fe3dda4c719bfa0ec875a7f1eb"
    integrity sha512-VVdYzXEn+cnbXpFgWs5hTT7OScegHVmLhJIR8Ufqk3iFD6A6j5iSX1KuBTfNEv4tdJWE2PzA6IVFtcLC7fN9wQ==
    dependencies:
      "@npmcli/fs" "^1.0.0"
      "@npmcli/move-file" "^1.0.1"
      chownr "^2.0.0"
      fs-minipass "^2.0.0"
      glob "^7.1.4"
      infer-owner "^1.0.4"
      lru-cache "^6.0.0"
      minipass "^3.1.1"
      minipass-collect "^1.0.2"
      minipass-flush "^1.0.5"
      minipass-pipeline "^1.2.2"
      mkdirp "^1.0.3"
      p-map "^4.0.0"
      promise-inflight "^1.0.1"
      rimraf "^3.0.2"
      ssri "^8.0.1"
      tar "^6.0.2"
      unique-filename "^1.1.1"
  
  call-bind@^1.0.0, call-bind@^1.0.2:
    version "1.0.2"
    resolved "https://registry.yarnpkg.com/call-bind/-/call-bind-1.0.2.tgz#b1d4e89e688119c3c9a903ad30abb2f6a919be3c"
    integrity sha512-7O+FbCihrB5WGbFYesctwmTKae6rOiIzmz1icreWJ+0aA7LJfuqhEso2T9ncpcFtzMQtzXf2QGGueWJGTYsqrA==
    dependencies:
      function-bind "^1.1.1"
      get-intrinsic "^1.0.2"
  
  callsites@^3.0.0:
    version "3.1.0"
    resolved "https://registry.yarnpkg.com/callsites/-/callsites-3.1.0.tgz#b3630abd8943432f54b3f0519238e33cd7df2f73"
    integrity sha512-P8BjAsXvZS+VIDUI11hHCQEv74YT67YUi5JJFNWIqL235sBmjX4+qx9Muvls5ivyNENctx46xQLQ3aTuE7ssaQ==
  
  camelcase-keys@^6.2.2:
    version "6.2.2"
    resolved "https://registry.yarnpkg.com/camelcase-keys/-/camelcase-keys-6.2.2.tgz#5e755d6ba51aa223ec7d3d52f25778210f9dc3c0"
    integrity sha512-YrwaA0vEKazPBkn0ipTiMpSajYDSe+KjQfrjhcBMxJt/znbvlHd8Pw/Vamaz5EB4Wfhs3SUR3Z9mwRu/P3s3Yg==
    dependencies:
      camelcase "^5.3.1"
      map-obj "^4.0.0"
      quick-lru "^4.0.1"
  
  camelcase@^5.3.1:
    version "5.3.1"
    resolved "https://registry.yarnpkg.com/camelcase/-/camelcase-5.3.1.tgz#e3c9b31569e106811df242f715725a1f4c494320"
    integrity sha512-L28STB170nwWS63UjtlEOE3dldQApaJXZkOI1uMFfzf3rRuPegHaHesyee+YxQ+W6SvRDQV6UrdOdRiR153wJg==
  
  caseless@~0.12.0:
    version "0.12.0"
    resolved "https://registry.yarnpkg.com/caseless/-/caseless-0.12.0.tgz#1b681c21ff84033c826543090689420d187151dc"
    integrity sha512-4tYFyifaFfGacoiObjJegolkwSU4xQNGbVgUiNYVUxbQ2x2lUsFvY4hVgVzGiIe6WLOPqycWXA40l+PWsxthUw==
  
  catharsis@^0.9.0:
    version "0.9.0"
    resolved "https://registry.yarnpkg.com/catharsis/-/catharsis-0.9.0.tgz#40382a168be0e6da308c277d3a2b3eb40c7d2121"
    integrity sha512-prMTQVpcns/tzFgFVkVp6ak6RykZyWb3gu8ckUpd6YkTlacOd3DXGJjIpD4Q6zJirizvaiAjSSHlOsA+6sNh2A==
    dependencies:
      lodash "^4.17.15"
  
  chalk@4.1.2, chalk@^4.0.0, chalk@^4.1.2:
    version "4.1.2"
    resolved "https://registry.yarnpkg.com/chalk/-/chalk-4.1.2.tgz#aac4e2b7734a740867aeb16bf02aad556a1e7a01"
    integrity sha512-oKnbhFyRIXpUuez8iBMmyEa4nbj4IOQyuhc/wy9kY7/WVPcwIO9VA668Pu8RkO7+0G76SLROeyw9CpQ061i4mA==
    dependencies:
      ansi-styles "^4.1.0"
      supports-color "^7.1.0"
  
  chalk@^2.0.0, chalk@^2.4.1:
    version "2.4.2"
    resolved "https://registry.yarnpkg.com/chalk/-/chalk-2.4.2.tgz#cd42541677a54333cf541a49108c1432b44c9424"
    integrity sha512-Mti+f9lpJNcwF4tWV8/OrTTtF1gZi+f8FqlyAdouralcFWFQWF2+NgCHShjkCb+IFBLq9buZwE1xckQU4peSuQ==
    dependencies:
      ansi-styles "^3.2.1"
      escape-string-regexp "^1.0.5"
      supports-color "^5.3.0"
  
  chance@1.1.8:
    version "1.1.8"
    resolved "https://registry.yarnpkg.com/chance/-/chance-1.1.8.tgz#5d6c2b78c9170bf6eb9df7acdda04363085be909"
    integrity sha512-v7fi5Hj2VbR6dJEGRWLmJBA83LJMS47pkAbmROFxHWd9qmE1esHRZW8Clf1Fhzr3rjxnNZVCjOEv/ivFxeIMtg==
  
  char-regex@^1.0.2:
    version "1.0.2"
    resolved "https://registry.yarnpkg.com/char-regex/-/char-regex-1.0.2.tgz#d744358226217f981ed58f479b1d6bcc29545dcf"
    integrity sha512-kWWXztvZ5SBQV+eRgKFeh8q5sLuZY2+8WUIzlxWVTg+oGwY14qylx1KbKzHd8P6ZYkAg0xyIDU9JMHhyJMZ1jw==
  
  charenc@0.0.2:
    version "0.0.2"
    resolved "https://registry.yarnpkg.com/charenc/-/charenc-0.0.2.tgz#c0a1d2f3a7092e03774bfa83f14c0fc5790a8667"
    integrity sha512-yrLQ/yVUFXkzg7EDQsPieE/53+0RlaWTs+wBrvW36cyilJ2SaDWfl4Yj7MtLTXleV9uEKefbAGUPv2/iWSooRA==
  
  chokidar@^3.4.1, chokidar@^3.5.0:
    version "3.5.3"
    resolved "https://registry.yarnpkg.com/chokidar/-/chokidar-3.5.3.tgz#1cf37c8707b932bd1af1ae22c0432e2acd1903bd"
    integrity sha512-Dr3sfKRP6oTcjf2JmUmFJfeVMvXBdegxB0iVQ5eb2V10uFJUCAS8OByZdVAyVb8xXNz3GjjTgj9kLWsZTqE6kw==
    dependencies:
      anymatch "~3.1.2"
      braces "~3.0.2"
      glob-parent "~5.1.2"
      is-binary-path "~2.1.0"
      is-glob "~4.0.1"
      normalize-path "~3.0.0"
      readdirp "~3.6.0"
    optionalDependencies:
      fsevents "~2.3.2"
  
  chownr@^2.0.0:
    version "2.0.0"
    resolved "https://registry.yarnpkg.com/chownr/-/chownr-2.0.0.tgz#15bfbe53d2eab4cf70f18a8cd68ebe5b3cb1dece"
    integrity sha512-bIomtDF5KGpdogkLd9VspvFzk9KfpyyGlS8YFVZl7TGPBHL5snIOnxeshwVgPteQ9b4Eydl+pVbIyE1DcvCWgQ==
  
  class-validator@0.13.2:
    version "0.13.2"
    resolved "https://registry.yarnpkg.com/class-validator/-/class-validator-0.13.2.tgz#64b031e9f3f81a1e1dcd04a5d604734608b24143"
    integrity sha512-yBUcQy07FPlGzUjoLuUfIOXzgynnQPPruyK1Ge2B74k9ROwnle1E+NxLWnUv5OLU8hA/qL5leAE9XnXq3byaBw==
    dependencies:
      libphonenumber-js "^1.9.43"
      validator "^13.7.0"
  
  clean-stack@^2.0.0:
    version "2.2.0"
    resolved "https://registry.yarnpkg.com/clean-stack/-/clean-stack-2.2.0.tgz#ee8472dbb129e727b31e8a10a427dee9dfe4008b"
    integrity sha512-4diC9HaTE+KRAMWhDhrGOECgWZxoevMc5TlkObMqNSsVU62PYzXZ/SMTjzyGAFF1YusgxGcSWTEXBhp0CPwQ1A==
  
  cliui@^8.0.1:
    version "8.0.1"
    resolved "https://registry.yarnpkg.com/cliui/-/cliui-8.0.1.tgz#0c04b075db02cbfe60dc8e6cf2f5486b1a3608aa"
    integrity sha512-BSeNnyus75C4//NQ9gQt1/csTXyo/8Sb+afLAkzAptFuMsod9HFokGNudZpi/oQV73hnVK+sR+5PVRMd+Dr7YQ==
    dependencies:
      string-width "^4.2.0"
      strip-ansi "^6.0.1"
      wrap-ansi "^7.0.0"
  
  color-convert@^1.9.0:
    version "1.9.3"
    resolved "https://registry.yarnpkg.com/color-convert/-/color-convert-1.9.3.tgz#bb71850690e1f136567de629d2d5471deda4c1e8"
    integrity sha512-QfAUtd+vFdAtFQcC8CCyYt1fYWxSqAiK2cSD6zDB8N3cpsEBAvRxp9zOGg6G/SHHJYAT88/az/IuDGALsNVbGg==
    dependencies:
      color-name "1.1.3"
  
  color-convert@^2.0.1:
    version "2.0.1"
    resolved "https://registry.yarnpkg.com/color-convert/-/color-convert-2.0.1.tgz#72d3a68d598c9bdb3af2ad1e84f21d896abd4de3"
    integrity sha512-RRECPsj7iu/xb5oKYcsFHSppFNnsj/52OVTRKb4zP5onXwVF3zVmmToNcOfGC+CRDpfK/U584fMg38ZHCaElKQ==
    dependencies:
      color-name "~1.1.4"
  
  color-name@1.1.3:
    version "1.1.3"
    resolved "https://registry.yarnpkg.com/color-name/-/color-name-1.1.3.tgz#a7d0558bd89c42f795dd42328f740831ca53bc25"
    integrity sha512-72fSenhMw2HZMTVHeCA9KCmpEIbzWiQsjN+BHcBbS9vr1mtt+vJjPdksIBNUmKAW8TFUDPJK5SUU3QhE9NEXDw==
  
  color-name@~1.1.4:
    version "1.1.4"
    resolved "https://registry.yarnpkg.com/color-name/-/color-name-1.1.4.tgz#c2a09a87acbde69543de6f63fa3995c826c536a2"
    integrity sha512-dOy+3AuW3a2wNbZHIuMZpTcgjGuLU/uBL/ubcZF9OXbDo8ff4O8yVp5Bf0efS8uEoYo5q4Fx7dY9OgQGXgAsQA==
  
  color-support@^1.1.2, color-support@^1.1.3:
    version "1.1.3"
    resolved "https://registry.yarnpkg.com/color-support/-/color-support-1.1.3.tgz#93834379a1cc9a0c61f82f52f0d04322251bd5a2"
    integrity sha512-qiBjkpbMLO/HL68y+lh4q0/O1MZFj2RX6X/KmMa3+gJD3z+WwI1ZzDHysvqHGS3mP6mznPckpXmw1nI9cJjyRg==
  
  combined-stream@^1.0.6, combined-stream@~1.0.6:
    version "1.0.8"
    resolved "https://registry.yarnpkg.com/combined-stream/-/combined-stream-1.0.8.tgz#c3d45a8b34fd730631a110a8a2520682b31d5a7f"
    integrity sha512-FQN4MRfuJeHf7cBbBMJFXhKSDq+2kAArBlmRBvcvFE5BB1HZKXtSFASDhdlz9zOYwxh8lDdnvmMOe/+5cdoEdg==
    dependencies:
      delayed-stream "~1.0.0"
  
  commander@9.0.0:
    version "9.0.0"
    resolved "https://registry.yarnpkg.com/commander/-/commander-9.0.0.tgz#86d58f24ee98126568936bd1d3574e0308a99a40"
    integrity sha512-JJfP2saEKbQqvW+FI93OYUB4ByV5cizMpFMiiJI8xDbBvQvSkIk0VvQdn1CZ8mqAO8Loq2h0gYTYtDFUZUeERw==
  
  commander@^2.20.0:
    version "2.20.3"
    resolved "https://registry.yarnpkg.com/commander/-/commander-2.20.3.tgz#fd485e84c03eb4881c20722ba48035e8531aeb33"
    integrity sha512-GpVkmM8vF2vQUkj2LvZmD35JxeJOLCwJ9cUkugyk2nuhbv3+mJvpLYYt+0+USMxE+oj+ey/lJEnhZw75x/OMcQ==
  
  commander@^9.3.0:
    version "9.4.1"
    resolved "https://registry.yarnpkg.com/commander/-/commander-9.4.1.tgz#d1dd8f2ce6faf93147295c0df13c7c21141cfbdd"
    integrity sha512-5EEkTNyHNGFPD2H+c/dXXfQZYa/scCKasxWcXJaWnNJ99pnQN9Vnmqow+p+PlFPE63Q6mThaZws1T+HxfpgtPw==
  
  commondir@^1.0.1:
    version "1.0.1"
    resolved "https://registry.yarnpkg.com/commondir/-/commondir-1.0.1.tgz#ddd800da0c66127393cca5950ea968a3aaf1253b"
    integrity sha512-W9pAhw0ja1Edb5GVdIF1mjZw/ASI0AlShXM83UUGe2DVr5TdAPEA1OA8m/g8zWp9x6On7gqufY+FatDbC3MDQg==
  
  concat-map@0.0.1:
    version "0.0.1"
    resolved "https://registry.yarnpkg.com/concat-map/-/concat-map-0.0.1.tgz#d8a96bd77fd68df7793a73036a3ba0d5405d477b"
    integrity sha512-/Srv4dswyQNBfohGpz9o6Yb3Gz3SrUDqBH5rTuhGR7ahtlbYKnVxw2bCFMRljaA7EXHaXZ8wsHdodFvbkhKmqg==
  
  console-clear@^1.1.0:
    version "1.1.1"
    resolved "https://registry.yarnpkg.com/console-clear/-/console-clear-1.1.1.tgz#995e20cbfbf14dd792b672cde387bd128d674bf7"
    integrity sha512-pMD+MVR538ipqkG5JXeOEbKWS5um1H4LUUccUQG68qpeqBYbzYy79Gh55jkd2TtPdRfUaLWdv6LPP//5Zt0aPQ==
  
  console-control-strings@^1.0.0, console-control-strings@^1.1.0:
    version "1.1.0"
    resolved "https://registry.yarnpkg.com/console-control-strings/-/console-control-strings-1.1.0.tgz#3d7cf4464db6446ea644bf4b39507f9851008e8e"
    integrity sha512-ty/fTekppD2fIwRvnZAVdeOiGd1c7YXEixbgJTNzqcxJWKQnjJ/V1bNEEE6hygpM3WjwHFUVK6HTjWSzV4a8sQ==
  
  core-util-is@1.0.2:
    version "1.0.2"
    resolved "https://registry.yarnpkg.com/core-util-is/-/core-util-is-1.0.2.tgz#b5fd54220aa2bc5ab57aab7140c940754503c1a7"
    integrity sha512-3lqz5YjWTYnW6dlDa5TLaTCcShfar1e40rmcJVwCBJC6mWlFuj0eCHIElmG1g5kyuJ/GD+8Wn4FFCcz4gJPfaQ==
  
  core-util-is@~1.0.0:
    version "1.0.3"
    resolved "https://registry.yarnpkg.com/core-util-is/-/core-util-is-1.0.3.tgz#a6042d3634c2b27e9328f837b965fac83808db85"
    integrity sha512-ZQBvi1DcpJ4GDqanjucZ2Hj3wEO5pZDS89BWbkcrvdxksJorwUDDZamX9ldFkp9aw2lmBDLgkObEA4DWNJ9FYQ==
  
  cross-spawn@^6.0.5:
    version "6.0.5"
    resolved "https://registry.yarnpkg.com/cross-spawn/-/cross-spawn-6.0.5.tgz#4a5ec7c64dfae22c3a14124dbacdee846d80cbc4"
    integrity sha512-eTVLrBSt7fjbDygz805pMnstIs2VTBNkRm0qxZd+M7A5XDdxVRWO5MxGBXZhjY4cqLYLdtrGqRf8mBPmzwSpWQ==
    dependencies:
      nice-try "^1.0.4"
      path-key "^2.0.1"
      semver "^5.5.0"
      shebang-command "^1.2.0"
      which "^1.2.9"
  
  cross-spawn@^7.0.2, cross-spawn@^7.0.3:
    version "7.0.3"
    resolved "https://registry.yarnpkg.com/cross-spawn/-/cross-spawn-7.0.3.tgz#f73a85b9d5d41d045551c177e2882d4ac85728a6"
    integrity sha512-iRDPJKUPVEND7dHPO8rkbOnPpyDygcDFtWjpeWNCgy8WP2rXcxXL8TskReQl6OrB2G7+UJrags1q15Fudc7G6w==
    dependencies:
      path-key "^3.1.0"
      shebang-command "^2.0.0"
      which "^2.0.1"
  
  crypt@0.0.2:
    version "0.0.2"
    resolved "https://registry.yarnpkg.com/crypt/-/crypt-0.0.2.tgz#88d7ff7ec0dfb86f713dc87bbb42d044d3e6c41b"
    integrity sha512-mCxBlsHFYh9C+HVpiEacem8FEBnMXgU9gy4zmNC+SXAZNB/1idgp/aulFJ4FgCi7GPEVbfyng092GqL2k2rmow==
  
  css-line-break@^2.1.0:
    version "2.1.0"
    resolved "https://registry.yarnpkg.com/css-line-break/-/css-line-break-2.1.0.tgz#bfef660dfa6f5397ea54116bb3cb4873edbc4fa0"
    integrity sha512-FHcKFCZcAha3LwfVBhCQbW2nCNbkZXn7KVUJcsT5/P8YmfsVja0FMPJr0B903j/E69HUphKiV9iQArX8SDYA4w==
    dependencies:
      utrie "^1.0.2"
  
  dashdash@^1.12.0:
    version "1.14.1"
    resolved "https://registry.yarnpkg.com/dashdash/-/dashdash-1.14.1.tgz#853cfa0f7cbe2fed5de20326b8dd581035f6e2f0"
    integrity sha512-jRFi8UDGo6j+odZiEpjazZaWqEal3w/basFjQHQEwVtZJGDpxbH1MeYluwCS8Xq5wmLJooDlMgvVarmWfGM44g==
    dependencies:
      assert-plus "^1.0.0"
  
  debug@4, debug@^4.0.0, debug@^4.1.0, debug@^4.1.1, debug@^4.3.2, debug@^4.3.3, debug@^4.3.4:
    version "4.3.4"
    resolved "https://registry.yarnpkg.com/debug/-/debug-4.3.4.tgz#1319f6579357f2338d3337d2cdd4914bb5dcc865"
    integrity sha512-PRWFHuSU3eDtQJPvnNY7Jcket1j0t5OuOsFzPPzsekD52Zl8qUfFIPEiswXqIvHWGVHOgX+7G/vCNNhehwxfkQ==
    dependencies:
      ms "2.1.2"
  
  decamelize-keys@^1.1.0:
    version "1.1.0"
    resolved "https://registry.yarnpkg.com/decamelize-keys/-/decamelize-keys-1.1.0.tgz#d171a87933252807eb3cb61dc1c1445d078df2d9"
    integrity sha512-ocLWuYzRPoS9bfiSdDd3cxvrzovVMZnRDVEzAs+hWIVXGDbHxWMECij2OBuyB/An0FFW/nLuq6Kv1i/YC5Qfzg==
    dependencies:
      decamelize "^1.1.0"
      map-obj "^1.0.0"
  
  decamelize@^1.1.0, decamelize@^1.2.0:
    version "1.2.0"
    resolved "https://registry.yarnpkg.com/decamelize/-/decamelize-1.2.0.tgz#f6534d15148269b20352e7bee26f501f9a191290"
    integrity sha512-z2S+W9X73hAUUki+N+9Za2lBlun89zigOyGrsax+KUQ6wKW4ZoWpEYBkGhQjwAjjDCkWxhY0VKEhk8wzY7F5cA==
  
  dedent-js@^1.0.1:
    version "1.0.1"
    resolved "https://registry.yarnpkg.com/dedent-js/-/dedent-js-1.0.1.tgz#bee5fb7c9e727d85dffa24590d10ec1ab1255305"
    integrity sha512-OUepMozQULMLUmhxS95Vudo0jb0UchLimi3+pQ2plj61Fcy8axbP9hbiD4Sz6DPqn6XG3kfmziVfQ1rSys5AJQ==
  
  deep-is@^0.1.3, deep-is@~0.1.3:
    version "0.1.4"
    resolved "https://registry.yarnpkg.com/deep-is/-/deep-is-0.1.4.tgz#a6f2dce612fadd2ef1f519b73551f17e85199831"
    integrity sha512-oIPzksmTg4/MriiaYGO+okXDT7ztn/w3Eptv/+gSIdMdKsJo0u4CfYNFJPy+4SKMuCqGw2wxnA+URMg3t8a/bQ==
  
  deepmerge@^4.2.2:
    version "4.2.2"
    resolved "https://registry.yarnpkg.com/deepmerge/-/deepmerge-4.2.2.tgz#44d2ea3679b8f4d4ffba33f03d865fc1e7bf4955"
    integrity sha512-FJ3UgI4gIl+PHZm53knsuSFpE+nESMr7M4v9QcgB7S63Kj/6WqMiFQJpBBYz1Pt+66bZpP3Q7Lye0Oo9MPKEdg==
  
  define-lazy-prop@^2.0.0:
    version "2.0.0"
    resolved "https://registry.yarnpkg.com/define-lazy-prop/-/define-lazy-prop-2.0.0.tgz#3f7ae421129bcaaac9bc74905c98a0009ec9ee7f"
    integrity sha512-Ds09qNh8yw3khSjiJjiUInaGX9xlqZDY7JVryGxdxV7NPeuqQfplOpQ66yJFZut3jLa5zOwkXw1g9EI2uKh4Og==
  
  define-properties@^1.1.3, define-properties@^1.1.4:
    version "1.1.4"
    resolved "https://registry.yarnpkg.com/define-properties/-/define-properties-1.1.4.tgz#0b14d7bd7fbeb2f3572c3a7eda80ea5d57fb05b1"
    integrity sha512-uckOqKcfaVvtBdsVkdPv3XjveQJsNQqmhXgRi8uhvWWuPYZCNlzT8qAyblUgNoXdHdjMTzAqeGjAoli8f+bzPA==
    dependencies:
      has-property-descriptors "^1.0.0"
      object-keys "^1.1.1"
  
  delayed-stream@~1.0.0:
    version "1.0.0"
    resolved "https://registry.yarnpkg.com/delayed-stream/-/delayed-stream-1.0.0.tgz#df3ae199acadfb7d440aaae0b29e2272b24ec619"
    integrity sha512-ZySD7Nf91aLB0RxL4KGrKHBXl7Eds1DAmEdcoVawXnLD7SDhpNgtuII2aAkg7a7QS41jxPSZ17p4VdGnMHk3MQ==
  
  delegates@^1.0.0:
    version "1.0.0"
    resolved "https://registry.yarnpkg.com/delegates/-/delegates-1.0.0.tgz#84c6e159b81904fdca59a0ef44cd870d31250f9a"
    integrity sha512-bd2L678uiWATM6m5Z1VzNCErI3jiGzt6HGY8OVICs40JQq/HALfbyNJmp0UDakEY4pMMaN0Ly5om/B1VI/+xfQ==
  
  depd@^1.1.2:
    version "1.1.2"
    resolved "https://registry.yarnpkg.com/depd/-/depd-1.1.2.tgz#9bcd52e14c097763e749b274c4346ed2e560b5a9"
    integrity sha512-7emPTl6Dpo6JRXOXjLRxck+FlLRX5847cLKEn00PLAgc3g2hTZZgr+e4c2v6QpSmLeFP3n5yUo7ft6avBK/5jQ==
  
  detect-indent@^6.0.0:
    version "6.1.0"
    resolved "https://registry.yarnpkg.com/detect-indent/-/detect-indent-6.1.0.tgz#592485ebbbf6b3b1ab2be175c8393d04ca0d57e6"
    integrity sha512-reYkTUJAZb9gUuZ2RvVCNhVHdg62RHnJ7WJl8ftMi4diZ6NWlciOzQN88pUhSELEwflJht4oQDv0F0BMlwaYtA==
  
  dir-glob@^3.0.1:
    version "3.0.1"
    resolved "https://registry.yarnpkg.com/dir-glob/-/dir-glob-3.0.1.tgz#56dbf73d992a4a93ba1584f4534063fd2e41717f"
    integrity sha512-WkrWp9GR4KXfKGYzOLmTuGVi1UWFfws377n9cc55/tb6DuqyF6pcQ5AbiHEshaDpY9v6oaSr2XCDidGmMwdzIA==
    dependencies:
      path-type "^4.0.0"
  
  doctrine@^3.0.0:
    version "3.0.0"
    resolved "https://registry.yarnpkg.com/doctrine/-/doctrine-3.0.0.tgz#addebead72a6574db783639dc87a121773973961"
    integrity sha512-yS+Q5i3hBf7GBkd4KG8a7eBNNWNGLTaEwwYWUijIYM7zrlYDM0BFXHjjPWlWZ1Rg7UaddZeIDmi9jF3HmqiQ2w==
    dependencies:
      esutils "^2.0.2"
  
  ecc-jsbn@~0.1.1:
    version "0.1.2"
    resolved "https://registry.yarnpkg.com/ecc-jsbn/-/ecc-jsbn-0.1.2.tgz#3a83a904e54353287874c564b7549386849a98c9"
    integrity sha512-eh9O+hwRHNbG4BLTjEl3nw044CkGm5X6LoaCf7LPp7UU8Qrt47JYNi6nPX8xjW97TKGKm1ouctg0QSpZe9qrnw==
    dependencies:
      jsbn "~0.1.0"
      safer-buffer "^2.1.0"
  
  ecdsa-sig-formatter@1.0.11, ecdsa-sig-formatter@^1.0.11:
    version "1.0.11"
    resolved "https://registry.yarnpkg.com/ecdsa-sig-formatter/-/ecdsa-sig-formatter-1.0.11.tgz#ae0f0fa2d85045ef14a817daa3ce9acd0489e5bf"
    integrity sha512-nagl3RYrbNv6kQkeJIpt6NJZy8twLB/2vtz6yN9Z4vRKHN4/QZJIEbqohALSgwKdnksuY3k5Addp5lg8sVoVcQ==
    dependencies:
      safe-buffer "^5.0.1"
  
  elementtree@^0.1.7:
    version "0.1.7"
    resolved "https://registry.yarnpkg.com/elementtree/-/elementtree-0.1.7.tgz#9ac91be6e52fb6e6244c4e54a4ac3ed8ae8e29c0"
    integrity sha512-wkgGT6kugeQk/P6VZ/f4T+4HB41BVgNBq5CDIZVbQ02nvTVqAiVTbskxxu3eA/X96lMlfYOwnLQpN2v5E1zDEg==
    dependencies:
      sax "1.1.4"
  
  emoji-regex@^8.0.0:
    version "8.0.0"
    resolved "https://registry.yarnpkg.com/emoji-regex/-/emoji-regex-8.0.0.tgz#e818fd69ce5ccfcb404594f842963bf53164cc37"
    integrity sha512-MSjYzcWNOA0ewAHpz0MxpYFvwg6yjy1NG3xteoqz644VCo/RPgnr1/GGt+ic3iJTzQ8Eu3TdM14SawnVUmGE6A==
  
  encoding@^0.1.12:
    version "0.1.13"
    resolved "https://registry.yarnpkg.com/encoding/-/encoding-0.1.13.tgz#56574afdd791f54a8e9b2785c0582a2d26210fa9"
    integrity sha512-ETBauow1T35Y/WZMkio9jiM0Z5xjHHmJ4XmjZOq1l/dXz3lr2sRn87nJy20RupqSh1F2m3HHPSp8ShIPQJrJ3A==
    dependencies:
      iconv-lite "^0.6.2"
  
  entities@~2.1.0:
    version "2.1.0"
    resolved "https://registry.yarnpkg.com/entities/-/entities-2.1.0.tgz#992d3129cf7df6870b96c57858c249a120f8b8b5"
    integrity sha512-hCx1oky9PFrJ611mf0ifBLBRW8lUUVRlFolb5gWRfIELabBlbp9xZvrqZLZAs+NxFnbfQoeGd8wDkygjg7U85w==
  
  env-paths@^2.2.0:
    version "2.2.1"
    resolved "https://registry.yarnpkg.com/env-paths/-/env-paths-2.2.1.tgz#420399d416ce1fbe9bc0a07c62fa68d67fd0f8f2"
    integrity sha512-+h1lkLKhZMTYjog1VEpJNG7NZJWcuc2DDk/qsqSTRRCOXiLjeQ1d1/udrUGhqMxUgAlwKNZ0cf2uqan5GLuS2A==
  
  err-code@^2.0.2:
    version "2.0.3"
    resolved "https://registry.yarnpkg.com/err-code/-/err-code-2.0.3.tgz#23c2f3b756ffdfc608d30e27c9a941024807e7f9"
    integrity sha512-2bmlRpNKBxT/CRmPOlyISQpNj+qSeYvcym/uT0Jx2bMOlKLtSy1ZmLuVxSEKKyor/N5yhvp/ZiG1oE3DEYMSFA==
  
  error-ex@^1.3.1:
    version "1.3.2"
    resolved "https://registry.yarnpkg.com/error-ex/-/error-ex-1.3.2.tgz#b4ac40648107fdcdcfae242f428bea8a14d4f1bf"
    integrity sha512-7dFHNmqeFSEt2ZBsCriorKnn3Z2pj+fd9kmI6QoWw4//DL+icEBfc0U7qJCisqrTsKTjw4fNFy2pW9OqStD84g==
    dependencies:
      is-arrayish "^0.2.1"
  
  es-abstract@^1.19.0, es-abstract@^1.19.1, es-abstract@^1.19.5, es-abstract@^1.20.0:
    version "1.20.4"
    resolved "https://registry.yarnpkg.com/es-abstract/-/es-abstract-1.20.4.tgz#1d103f9f8d78d4cf0713edcd6d0ed1a46eed5861"
    integrity sha512-0UtvRN79eMe2L+UNEF1BwRe364sj/DXhQ/k5FmivgoSdpM90b8Jc0mDzKMGo7QS0BVbOP/bTwBKNnDc9rNzaPA==
    dependencies:
      call-bind "^1.0.2"
      es-to-primitive "^1.2.1"
      function-bind "^1.1.1"
      function.prototype.name "^1.1.5"
      get-intrinsic "^1.1.3"
      get-symbol-description "^1.0.0"
      has "^1.0.3"
      has-property-descriptors "^1.0.0"
      has-symbols "^1.0.3"
      internal-slot "^1.0.3"
      is-callable "^1.2.7"
      is-negative-zero "^2.0.2"
      is-regex "^1.1.4"
      is-shared-array-buffer "^1.0.2"
      is-string "^1.0.7"
      is-weakref "^1.0.2"
      object-inspect "^1.12.2"
      object-keys "^1.1.1"
      object.assign "^4.1.4"
      regexp.prototype.flags "^1.4.3"
      safe-regex-test "^1.0.0"
      string.prototype.trimend "^1.0.5"
      string.prototype.trimstart "^1.0.5"
      unbox-primitive "^1.0.2"
  
  es-to-primitive@^1.2.1:
    version "1.2.1"
    resolved "https://registry.yarnpkg.com/es-to-primitive/-/es-to-primitive-1.2.1.tgz#e55cd4c9cdc188bcefb03b366c736323fc5c898a"
    integrity sha512-QCOllgZJtaUo9miYBcLChTUaHNjJF3PYs1VidD7AwiEj1kYxKeQTctLAezAOH5ZKRH0g2IgPn6KwB4IT8iRpvA==
    dependencies:
      is-callable "^1.1.4"
      is-date-object "^1.0.1"
      is-symbol "^1.0.2"
  
  es6-object-assign@^1.1.0:
    version "1.1.0"
    resolved "https://registry.yarnpkg.com/es6-object-assign/-/es6-object-assign-1.1.0.tgz#c2c3582656247c39ea107cb1e6652b6f9f24523c"
    integrity sha512-MEl9uirslVwqQU369iHNWZXsI8yaZYGg/D65aOgZkeyFJwHYSxilf7rQzXKI7DdDuBPrBXbfk3sl9hJhmd5AUw==
  
  es6-promise@^3.1.2:
    version "3.3.1"
    resolved "https://registry.yarnpkg.com/es6-promise/-/es6-promise-3.3.1.tgz#a08cdde84ccdbf34d027a1451bc91d4bcd28a613"
    integrity sha512-SOp9Phqvqn7jtEUxPWdWfWoLmyt2VaJ6MpvP9Comy1MceMXqE6bxvaTu4iaxpYYPzhny28Lc+M87/c2cPK6lDg==
  
  escalade@^3.1.1:
    version "3.1.1"
    resolved "https://registry.yarnpkg.com/escalade/-/escalade-3.1.1.tgz#d8cfdc7000965c5a0174b4a82eaa5c0552742e40"
    integrity sha512-k0er2gUkLf8O0zKJiAhmkTnJlTvINGv7ygDNPbeIsX/TJjGJZHuh9B2UxbsaEkmlEo9MfhrSzmhIlhRlI2GXnw==
  
  escape-string-regexp@^1.0.5:
    version "1.0.5"
    resolved "https://registry.yarnpkg.com/escape-string-regexp/-/escape-string-regexp-1.0.5.tgz#1b61c0562190a8dff6ae3bb2cf0200ca130b86d4"
    integrity sha512-vbRorB5FUQWvla16U8R/qgaFIya2qGzwDrNmCZuYKrbdSUMG6I1ZCGQRefkRVhuOkIGVne7BQ35DSfo1qvJqFg==
  
  escape-string-regexp@^2.0.0:
    version "2.0.0"
    resolved "https://registry.yarnpkg.com/escape-string-regexp/-/escape-string-regexp-2.0.0.tgz#a30304e99daa32e23b2fd20f51babd07cffca344"
    integrity sha512-UpzcLCXolUWcNu5HtVMHYdXJjArjsF9C0aNnquZYY4uW/Vu0miy5YoWvbV345HauVvcAUnpRuhMMcqTcGOY2+w==
  
  escape-string-regexp@^4.0.0:
    version "4.0.0"
    resolved "https://registry.yarnpkg.com/escape-string-regexp/-/escape-string-regexp-4.0.0.tgz#14ba83a5d373e3d311e5afca29cf5bfad965bf34"
    integrity sha512-TtpcNJ3XAzx3Gq8sWRzJaVajRs0uVxA2YAkdb1jm2YkPz4G6egUFAyA3n5vtEIZefPk5Wa4UXbKuS5fKkJWdgA==
  
  eslint-config-prettier@^8.5.0:
    version "8.5.0"
    resolved "https://registry.yarnpkg.com/eslint-config-prettier/-/eslint-config-prettier-8.5.0.tgz#5a81680ec934beca02c7b1a61cf8ca34b66feab1"
    integrity sha512-obmWKLUNCnhtQRKc+tmnYuQl0pFU1ibYJQ5BGhTVB08bHe9wC8qUeG7c08dj9XX+AuPj1YSGSQIHl1pnDHZR0Q==
  
  eslint-scope@7.1.0:
    version "7.1.0"
    resolved "https://registry.yarnpkg.com/eslint-scope/-/eslint-scope-7.1.0.tgz#c1f6ea30ac583031f203d65c73e723b01298f153"
    integrity sha512-aWwkhnS0qAXqNOgKOK0dJ2nvzEbhEvpy8OlJ9kZ0FeZnA6zpjv1/Vei+puGFFX7zkPCkHHXb7IDX3A+7yPrRWg==
    dependencies:
      esrecurse "^4.3.0"
      estraverse "^5.2.0"
  
  eslint-scope@^5.1.1:
    version "5.1.1"
    resolved "https://registry.yarnpkg.com/eslint-scope/-/eslint-scope-5.1.1.tgz#e786e59a66cb92b3f6c1fb0d508aab174848f48c"
    integrity sha512-2NxwbF/hZ0KpepYN0cNbo+FN6XoK7GaHlQhgx/hIZl6Va0bF45RQOOwhLIy8lQDbuCiadSLCBnH2CFYquit5bw==
    dependencies:
      esrecurse "^4.3.0"
      estraverse "^4.1.1"
  
  eslint-scope@^7.1.1:
    version "7.1.1"
    resolved "https://registry.yarnpkg.com/eslint-scope/-/eslint-scope-7.1.1.tgz#fff34894c2f65e5226d3041ac480b4513a163642"
    integrity sha512-QKQM/UXpIiHcLqJ5AOyIW7XZmzjkzQXYE54n1++wb0u9V/abW3l9uQnxX8Z5Xd18xyKIMTUAyQ0k1e8pz6LUrw==
    dependencies:
      esrecurse "^4.3.0"
      estraverse "^5.2.0"
  
  eslint-utils@^3.0.0:
    version "3.0.0"
    resolved "https://registry.yarnpkg.com/eslint-utils/-/eslint-utils-3.0.0.tgz#8aebaface7345bb33559db0a1f13a1d2d48c3672"
    integrity sha512-uuQC43IGctw68pJA1RgbQS8/NP7rch6Cwd4j3ZBtgo4/8Flj4eGE7ZYSZRN3iq5pVUv6GPdW5Z1RFleo84uLDA==
    dependencies:
      eslint-visitor-keys "^2.0.0"
  
  eslint-visitor-keys@3.2.0:
    version "3.2.0"
    resolved "https://registry.yarnpkg.com/eslint-visitor-keys/-/eslint-visitor-keys-3.2.0.tgz#6fbb166a6798ee5991358bc2daa1ba76cc1254a1"
    integrity sha512-IOzT0X126zn7ALX0dwFiUQEdsfzrm4+ISsQS8nukaJXwEyYKRSnEIIDULYg1mCtGp7UUXgfGl7BIolXREQK+XQ==
  
  eslint-visitor-keys@^2.0.0:
    version "2.1.0"
    resolved "https://registry.yarnpkg.com/eslint-visitor-keys/-/eslint-visitor-keys-2.1.0.tgz#f65328259305927392c938ed44eb0a5c9b2bd303"
    integrity sha512-0rSmRBzXgDzIsD6mGdJgevzgezI534Cer5L/vyMX0kHzT/jiB43jRhd9YUlMGYLQy2zprNmoT8qasCGtY+QaKw==
  
  eslint-visitor-keys@^3.3.0:
    version "3.3.0"
    resolved "https://registry.yarnpkg.com/eslint-visitor-keys/-/eslint-visitor-keys-3.3.0.tgz#f6480fa6b1f30efe2d1968aa8ac745b862469826"
    integrity sha512-mQ+suqKJVyeuwGYHAdjMFqjCyfl8+Ldnxuyp3ldiMBFKkvytrXUZWaiPCEav8qDHKty44bD+qV1IP4T+w+xXRA==
  
  eslint@^8.25.0:
    version "8.25.0"
    resolved "https://registry.yarnpkg.com/eslint/-/eslint-8.25.0.tgz#00eb962f50962165d0c4ee3327708315eaa8058b"
    integrity sha512-DVlJOZ4Pn50zcKW5bYH7GQK/9MsoQG2d5eDH0ebEkE8PbgzTTmtt/VTH9GGJ4BfeZCpBLqFfvsjX35UacUL83A==
    dependencies:
      "@eslint/eslintrc" "^1.3.3"
      "@humanwhocodes/config-array" "^0.10.5"
      "@humanwhocodes/module-importer" "^1.0.1"
      ajv "^6.10.0"
      chalk "^4.0.0"
      cross-spawn "^7.0.2"
      debug "^4.3.2"
      doctrine "^3.0.0"
      escape-string-regexp "^4.0.0"
      eslint-scope "^7.1.1"
      eslint-utils "^3.0.0"
      eslint-visitor-keys "^3.3.0"
      espree "^9.4.0"
      esquery "^1.4.0"
      esutils "^2.0.2"
      fast-deep-equal "^3.1.3"
      file-entry-cache "^6.0.1"
      find-up "^5.0.0"
      glob-parent "^6.0.1"
      globals "^13.15.0"
      globby "^11.1.0"
      grapheme-splitter "^1.0.4"
      ignore "^5.2.0"
      import-fresh "^3.0.0"
      imurmurhash "^0.1.4"
      is-glob "^4.0.0"
      js-sdsl "^4.1.4"
      js-yaml "^4.1.0"
      json-stable-stringify-without-jsonify "^1.0.1"
      levn "^0.4.1"
      lodash.merge "^4.6.2"
      minimatch "^3.1.2"
      natural-compare "^1.4.0"
      optionator "^0.9.1"
      regexpp "^3.2.0"
      strip-ansi "^6.0.1"
      strip-json-comments "^3.1.0"
      text-table "^0.2.0"
  
  espree@^9.4.0:
    version "9.4.0"
    resolved "https://registry.yarnpkg.com/espree/-/espree-9.4.0.tgz#cd4bc3d6e9336c433265fc0aa016fc1aaf182f8a"
    integrity sha512-DQmnRpLj7f6TgN/NYb0MTzJXL+vJF9h3pHy4JhCIs3zwcgez8xmGg3sXHcEO97BrmO2OSvCwMdfdlyl+E9KjOw==
    dependencies:
      acorn "^8.8.0"
      acorn-jsx "^5.3.2"
      eslint-visitor-keys "^3.3.0"
  
  esprima@^4.0.1:
    version "4.0.1"
    resolved "https://registry.yarnpkg.com/esprima/-/esprima-4.0.1.tgz#13b04cdb3e6c5d19df91ab6987a8695619b0aa71"
    integrity sha512-eGuFFw7Upda+g4p+QHvnW0RyTX/SVeJBDM/gCtMARO0cLuT2HcEKnTPvhjV6aGeqrCB/sbNop0Kszm0jsaWU4A==
  
  esquery@^1.4.0:
    version "1.4.0"
    resolved "https://registry.yarnpkg.com/esquery/-/esquery-1.4.0.tgz#2148ffc38b82e8c7057dfed48425b3e61f0f24a5"
    integrity sha512-cCDispWt5vHHtwMY2YrAQ4ibFkAL8RbH5YGBnZBc90MolvvfkkQcJro/aZiAQUlQ3qgrYS6D6v8Gc5G5CQsc9w==
    dependencies:
      estraverse "^5.1.0"
  
  esrecurse@^4.3.0:
    version "4.3.0"
    resolved "https://registry.yarnpkg.com/esrecurse/-/esrecurse-4.3.0.tgz#7ad7964d679abb28bee72cec63758b1c5d2c9921"
    integrity sha512-KmfKL3b6G+RXvP8N1vr3Tq1kL/oCFgn2NYXEtqP8/L3pKapUA4G8cFVaoF3SU323CD4XypR/ffioHmkti6/Tag==
    dependencies:
      estraverse "^5.2.0"
  
  estraverse@^4.1.1:
    version "4.3.0"
    resolved "https://registry.yarnpkg.com/estraverse/-/estraverse-4.3.0.tgz#398ad3f3c5a24948be7725e83d11a7de28cdbd1d"
    integrity sha512-39nnKffWz8xN1BU/2c79n9nB9HDzo0niYUqx6xyqUnyoAnQyyWpOTdZEeiCch8BBu515t4wp9ZmgVfVhn9EBpw==
  
  estraverse@^5.1.0, estraverse@^5.2.0:
    version "5.3.0"
    resolved "https://registry.yarnpkg.com/estraverse/-/estraverse-5.3.0.tgz#2eea5290702f26ab8fe5370370ff86c965d21123"
    integrity sha512-MMdARuVEQziNTeJD8DgMqmhwR11BRQ/cBP+pLtYdSTnf3MIO8fFeiINEbX36ZdNlfU/7A9f3gUw49B3oQsvwBA==
  
  estree-walker@^0.6.1:
    version "0.6.1"
    resolved "https://registry.yarnpkg.com/estree-walker/-/estree-walker-0.6.1.tgz#53049143f40c6eb918b23671d1fe3219f3a1b362"
    integrity sha512-SqmZANLWS0mnatqbSfRP5g8OXZC12Fgg1IwNtLsyHDzJizORW4khDfjPqJZsemPWBB2uqykUah5YpQ6epsqC/w==
  
  estree-walker@^2.0.1, estree-walker@^2.0.2:
    version "2.0.2"
    resolved "https://registry.yarnpkg.com/estree-walker/-/estree-walker-2.0.2.tgz#52f010178c2a4c117a7757cfe942adb7d2da4cac"
    integrity sha512-Rfkk/Mp/DL7JVje3u18FxFujQlTNR2q6QfMSMB7AvCBx91NGj/ba3kCfza0f6dVDbw7YlRf/nDrn7pQrCCyQ/w==
  
  esutils@^2.0.2:
    version "2.0.3"
    resolved "https://registry.yarnpkg.com/esutils/-/esutils-2.0.3.tgz#74d2eb4de0b8da1293711910d50775b9b710ef64"
    integrity sha512-kVscqXk4OCp68SZ0dkgEKVi6/8ij300KBWTJq32P/dYeWTSwK41WyTxalN1eRmA5Z9UU/LX9D7FWSmV9SAYx6g==
  
  event-target-shim@^5.0.0:
    version "5.0.1"
    resolved "https://registry.yarnpkg.com/event-target-shim/-/event-target-shim-5.0.1.tgz#5d4d3ebdf9583d63a5333ce2deb7480ab2b05789"
    integrity sha512-i/2XbnSz/uxRCU6+NdVJgKWDTM427+MqYbkQzD321DuCQJUqOuJKIA0IM2+W2xtYHdKOmZ4dR6fExsd4SXL+WQ==
  
  extend@^3.0.2, extend@~3.0.2:
    version "3.0.2"
    resolved "https://registry.yarnpkg.com/extend/-/extend-3.0.2.tgz#f8b1136b4071fbd8eb140aff858b1019ec2915fa"
    integrity sha512-fjquC59cD7CyW6urNXK0FBufkZcoiGG80wTuPujX590cB5Ttln20E2UB4S/WARVqhXffZl2LNgS+gQdPIIim/g==
  
  extsprintf@1.3.0:
    version "1.3.0"
    resolved "https://registry.yarnpkg.com/extsprintf/-/extsprintf-1.3.0.tgz#96918440e3041a7a414f8c52e3c574eb3c3e1e05"
    integrity sha512-11Ndz7Nv+mvAC1j0ktTa7fAb0vLyGGX+rMHNBYQviQDGU0Hw7lhctJANqbPhu9nV9/izT/IntTgZ7Im/9LJs9g==
  
  extsprintf@^1.2.0:
    version "1.4.1"
    resolved "https://registry.yarnpkg.com/extsprintf/-/extsprintf-1.4.1.tgz#8d172c064867f235c0c84a596806d279bf4bcc07"
    integrity sha512-Wrk35e8ydCKDj/ArClo1VrPVmN8zph5V4AtHwIuHhvMXsKf73UT3BOD+azBIW+3wOJ4FhEH7zyaJCFvChjYvMA==
  
  fast-deep-equal@3.1.3, fast-deep-equal@^3.1.1, fast-deep-equal@^3.1.3:
    version "3.1.3"
    resolved "https://registry.yarnpkg.com/fast-deep-equal/-/fast-deep-equal-3.1.3.tgz#3a7d56b559d6cbc3eb512325244e619a65c6c525"
    integrity sha512-f3qQ9oQy9j2AhBe/H9VC91wLmKBCCU/gDOnKNAYG5hswO7BLKj09Hc5HYNz9cGI++xlpDCIgDaitVs03ATR84Q==
  
  fast-glob@^3.2.7, fast-glob@^3.2.9:
    version "3.2.12"
    resolved "https://registry.yarnpkg.com/fast-glob/-/fast-glob-3.2.12.tgz#7f39ec99c2e6ab030337142da9e0c18f37afae80"
    integrity sha512-DVj4CQIYYow0BlaelwK1pHl5n5cRSJfM60UA0zK891sVInoPri2Ekj7+e1CT3/3qxXenpI+nBBmQAcJPJgaj4w==
    dependencies:
      "@nodelib/fs.stat" "^2.0.2"
      "@nodelib/fs.walk" "^1.2.3"
      glob-parent "^5.1.2"
      merge2 "^1.3.0"
      micromatch "^4.0.4"
  
  fast-json-stable-stringify@^2.0.0:
    version "2.1.0"
    resolved "https://registry.yarnpkg.com/fast-json-stable-stringify/-/fast-json-stable-stringify-2.1.0.tgz#874bf69c6f404c2b5d99c481341399fd55892633"
    integrity sha512-lhd/wF+Lk98HZoTCtlVraHtfh5XYijIjalXck7saUtuanSDyLMxnHhSXEDJqHxD7msR8D0uCmqlkwjCV8xvwHw==
  
  fast-levenshtein@^2.0.6, fast-levenshtein@~2.0.6:
    version "2.0.6"
    resolved "https://registry.yarnpkg.com/fast-levenshtein/-/fast-levenshtein-2.0.6.tgz#3d8a5c66883a16a30ca8643e851f19baa7797917"
    integrity sha512-DCXu6Ifhqcks7TZKY3Hxp3y6qphY5SJZmrWMDrKcERSOXWQdMhU9Ig/PYrzyw/ul9jOIyh0N4M0tbC5hodg8dw==
  
  fast-text-encoding@^1.0.0:
    version "1.0.6"
    resolved "https://registry.yarnpkg.com/fast-text-encoding/-/fast-text-encoding-1.0.6.tgz#0aa25f7f638222e3396d72bf936afcf1d42d6867"
    integrity sha512-VhXlQgj9ioXCqGstD37E/HBeqEGV/qOD/kmbVG8h5xKBYvM1L3lR1Zn4555cQ8GkYbJa8aJSipLPndE1k6zK2w==
  
  fastq@^1.6.0:
    version "1.13.0"
    resolved "https://registry.yarnpkg.com/fastq/-/fastq-1.13.0.tgz#616760f88a7526bdfc596b7cab8c18938c36b98c"
    integrity sha512-YpkpUnK8od0o1hmeSc7UUs/eB/vIPWJYjKck2QKIzAf71Vm1AAQ3EbuZB3g2JIy+pg+ERD0vqI79KyZiB2e2Nw==
    dependencies:
      reusify "^1.0.4"
  
  fd-slicer@~1.1.0:
    version "1.1.0"
    resolved "https://registry.yarnpkg.com/fd-slicer/-/fd-slicer-1.1.0.tgz#25c7c89cb1f9077f8891bbe61d8f390eae256f1e"
    integrity sha512-cE1qsB/VwyQozZ+q1dGxR8LBYNZeofhEdUNGSMbQD3Gw2lAzX9Zb3uIU6Ebc/Fmyjo9AWWfnn0AUCHqtevs/8g==
    dependencies:
      pend "~1.2.0"
  
  file-entry-cache@^6.0.1:
    version "6.0.1"
    resolved "https://registry.yarnpkg.com/file-entry-cache/-/file-entry-cache-6.0.1.tgz#211b2dd9659cb0394b073e7323ac3c933d522027"
    integrity sha512-7Gps/XWymbLk2QLYK4NzpMOrYjMhdIxXuIvy2QBsLE6ljuodKvdkWs/cpyJJ3CVIVpH0Oi1Hvg1ovbMzLdFBBg==
    dependencies:
      flat-cache "^3.0.4"
  
  fill-range@^7.0.1:
    version "7.0.1"
    resolved "https://registry.yarnpkg.com/fill-range/-/fill-range-7.0.1.tgz#1919a6a7c75fe38b2c7c77e5198535da9acdda40"
    integrity sha512-qOo9F+dMUmC2Lcb4BbVvnKJxTPjCm+RRpe4gDuGrzkL7mEVl/djYSu2OdQ2Pa302N4oqkSg9ir6jaLWJ2USVpQ==
    dependencies:
      to-regex-range "^5.0.1"
  
  find-up@^4.1.0:
    version "4.1.0"
    resolved "https://registry.yarnpkg.com/find-up/-/find-up-4.1.0.tgz#97afe7d6cdc0bc5928584b7c8d7b16e8a9aa5d19"
    integrity sha512-PpOwAdQ/YlXQ2vj8a3h8IipDuYRi3wceVQQGYWxNINccq40Anw7BlsEXCMbt1Zt+OLA6Fq9suIpIWD0OsnISlw==
    dependencies:
      locate-path "^5.0.0"
      path-exists "^4.0.0"
  
  find-up@^5.0.0:
    version "5.0.0"
    resolved "https://registry.yarnpkg.com/find-up/-/find-up-5.0.0.tgz#4c92819ecb7083561e4f4a240a86be5198f536fc"
    integrity sha512-78/PXT1wlLLDgTzDs7sjq9hzz0vXD+zn+7wypEe4fXQxCmdmqfGsEPQxmiCSQI3ajFV91bVSsvNtrJRiW6nGng==
    dependencies:
      locate-path "^6.0.0"
      path-exists "^4.0.0"
  
  flat-cache@^3.0.4:
    version "3.0.4"
    resolved "https://registry.yarnpkg.com/flat-cache/-/flat-cache-3.0.4.tgz#61b0338302b2fe9f957dcc32fc2a87f1c3048b11"
    integrity sha512-dm9s5Pw7Jc0GvMYbshN6zchCA9RgQlzzEZX3vylR9IqFfS8XciblUXOKfW6SiuJ0e13eDYZoZV5wdrev7P3Nwg==
    dependencies:
      flatted "^3.1.0"
      rimraf "^3.0.2"
  
  flatted@^3.1.0:
    version "3.2.7"
    resolved "https://registry.yarnpkg.com/flatted/-/flatted-3.2.7.tgz#609f39207cb614b89d0765b477cb2d437fbf9787"
    integrity sha512-5nqDSxl8nn5BSNxyR3n4I6eDmbolI6WT+QqR547RwxQapgjQBmtktdP+HTBb/a/zLsbzERTONyUB5pefh5TtjQ==
  
  for-each@^0.3.3:
    version "0.3.3"
    resolved "https://registry.yarnpkg.com/for-each/-/for-each-0.3.3.tgz#69b447e88a0a5d32c3e7084f3f1710034b21376e"
    integrity sha512-jqYfLp7mo9vIyQf8ykW2v7A+2N4QjeCeI5+Dz9XraiO1ign81wjiH7Fb9vSOWvQfNtmSa4H2RoQTrrXivdUZmw==
    dependencies:
      is-callable "^1.1.3"
  
  forever-agent@~0.6.1:
    version "0.6.1"
    resolved "https://registry.yarnpkg.com/forever-agent/-/forever-agent-0.6.1.tgz#fbc71f0c41adeb37f96c577ad1ed42d8fdacca91"
    integrity sha512-j0KLYPhm6zeac4lz3oJ3o65qvgQCcPubiyotZrXqEaG4hNagNYO8qdlUrX5vwqv9ohqeT/Z3j6+yW067yWWdUw==
  
  form-data@~2.3.2:
    version "2.3.3"
    resolved "https://registry.yarnpkg.com/form-data/-/form-data-2.3.3.tgz#dcce52c05f644f298c6a7ab936bd724ceffbf3a6"
    integrity sha512-1lLKB2Mu3aGP1Q/2eCOx0fNbRMe7XdwktwOruhfqqd0rIJWwN4Dh+E3hrPSlDCXnSR7UtZ1N38rVXm+6+MEhJQ==
    dependencies:
      asynckit "^0.4.0"
      combined-stream "^1.0.6"
      mime-types "^2.1.12"
  
  fs-extra@^9.0.0:
    version "9.1.0"
    resolved "https://registry.yarnpkg.com/fs-extra/-/fs-extra-9.1.0.tgz#5954460c764a8da2094ba3554bf839e6b9a7c86d"
    integrity sha512-hcg3ZmepS30/7BSFqRvoo3DOMQu7IjqxO5nCDt+zM9XWjb33Wg7ziNT+Qvqbuc3+gWpzO02JubVyk2G4Zvo1OQ==
    dependencies:
      at-least-node "^1.0.0"
      graceful-fs "^4.2.0"
      jsonfile "^6.0.1"
      universalify "^2.0.0"
  
  fs-minipass@^2.0.0:
    version "2.1.0"
    resolved "https://registry.yarnpkg.com/fs-minipass/-/fs-minipass-2.1.0.tgz#7f5036fdbf12c63c169190cbe4199c852271f9fb"
    integrity sha512-V/JgOLFCS+R6Vcq0slCuaeWEdNC3ouDlJMNIsacH2VtALiu9mV4LPrHc5cDl8k5aw6J8jwgWWpiTo5RYhmIzvg==
    dependencies:
      minipass "^3.0.0"
  
  fs.realpath@^1.0.0:
    version "1.0.0"
    resolved "https://registry.yarnpkg.com/fs.realpath/-/fs.realpath-1.0.0.tgz#1504ad2523158caa40db4a2787cb01411994ea4f"
    integrity sha512-OO0pH2lK6a0hZnAdau5ItzHPI6pUlvI7jMVnxUQRtw4owF2wk8lOSabtGDCTP4Ggrg2MbGnWO9X8K1t4+fGMDw==
  
  fsevents@~2.3.2:
    version "2.3.2"
    resolved "https://registry.yarnpkg.com/fsevents/-/fsevents-2.3.2.tgz#8a526f78b8fdf4623b709e0b975c52c24c02fd1a"
    integrity sha512-xiqMQR4xAeHTuB9uWm+fFRcIOgKBMiOBP+eXiyT7jsgVCq1bkVygt00oASowB7EdtpOHaaPgKt812P9ab+DDKA==
  
  function-bind@^1.1.1:
    version "1.1.1"
    resolved "https://registry.yarnpkg.com/function-bind/-/function-bind-1.1.1.tgz#a56899d3ea3c9bab874bb9773b7c5ede92f4895d"
    integrity sha512-yIovAzMX49sF8Yl58fSCWJ5svSLuaibPxXQJFLmBObTuCr0Mf1KiPopGM9NiFjiYBCbfaa2Fh6breQ6ANVTI0A==
  
  function.prototype.name@^1.1.5:
    version "1.1.5"
    resolved "https://registry.yarnpkg.com/function.prototype.name/-/function.prototype.name-1.1.5.tgz#cce0505fe1ffb80503e6f9e46cc64e46a12a9621"
    integrity sha512-uN7m/BzVKQnCUF/iW8jYea67v++2u7m5UgENbHRtdDVclOUP+FMPlCNdmk0h/ysGyo2tavMJEDqJAkJdRa1vMA==
    dependencies:
      call-bind "^1.0.2"
      define-properties "^1.1.3"
      es-abstract "^1.19.0"
      functions-have-names "^1.2.2"
  
  functions-have-names@^1.2.2:
    version "1.2.3"
    resolved "https://registry.yarnpkg.com/functions-have-names/-/functions-have-names-1.2.3.tgz#0404fe4ee2ba2f607f0e0ec3c80bae994133b834"
    integrity sha512-xckBUXyTIqT97tq2x2AMb+g163b5JFysYk0x4qxNFwbfQkmNZoiRHb6sPzI9/QV33WeuvVYBUIiD4NzNIyqaRQ==
  
  gauge@^3.0.0:
    version "3.0.2"
    resolved "https://registry.yarnpkg.com/gauge/-/gauge-3.0.2.tgz#03bf4441c044383908bcfa0656ad91803259b395"
    integrity sha512-+5J6MS/5XksCuXq++uFRsnUd7Ovu1XenbeuIuNRJxYWjgQbPuFhT14lAvsWfqfAmnwluf1OwMjz39HjfLPci0Q==
    dependencies:
      aproba "^1.0.3 || ^2.0.0"
      color-support "^1.1.2"
      console-control-strings "^1.0.0"
      has-unicode "^2.0.1"
      object-assign "^4.1.1"
      signal-exit "^3.0.0"
      string-width "^4.2.3"
      strip-ansi "^6.0.1"
      wide-align "^1.1.2"
  
  gauge@^4.0.3:
    version "4.0.4"
    resolved "https://registry.yarnpkg.com/gauge/-/gauge-4.0.4.tgz#52ff0652f2bbf607a989793d53b751bef2328dce"
    integrity sha512-f9m+BEN5jkg6a0fZjleidjN51VE1X+mPFQ2DJ0uv1V39oCLCbsGe6yjbBnp7eK7z/+GAon99a3nHuqbuuthyPg==
    dependencies:
      aproba "^1.0.3 || ^2.0.0"
      color-support "^1.1.3"
      console-control-strings "^1.1.0"
      has-unicode "^2.0.1"
      signal-exit "^3.0.7"
      string-width "^4.2.3"
      strip-ansi "^6.0.1"
      wide-align "^1.1.5"
  
  gaxios@^4.0.0:
    version "4.3.3"
    resolved "https://registry.yarnpkg.com/gaxios/-/gaxios-4.3.3.tgz#d44bdefe52d34b6435cc41214fdb160b64abfc22"
    integrity sha512-gSaYYIO1Y3wUtdfHmjDUZ8LWaxJQpiavzbF5Kq53akSzvmVg0RfyOcFDbO1KJ/KCGRFz2qG+lS81F0nkr7cRJA==
    dependencies:
      abort-controller "^3.0.0"
      extend "^3.0.2"
      https-proxy-agent "^5.0.0"
      is-stream "^2.0.0"
      node-fetch "^2.6.7"
  
  gaze@^1.0.0:
    version "1.1.3"
    resolved "https://registry.yarnpkg.com/gaze/-/gaze-1.1.3.tgz#c441733e13b927ac8c0ff0b4c3b033f28812924a"
    integrity sha512-BRdNm8hbWzFzWHERTrejLqwHDfS4GibPoq5wjTPIoJHoBtKGPg3xAFfxmM+9ztbXelxcf2hwQcaz1PtmFeue8g==
    dependencies:
      globule "^1.0.0"
  
  gcp-metadata@^4.2.0:
    version "4.3.1"
    resolved "https://registry.yarnpkg.com/gcp-metadata/-/gcp-metadata-4.3.1.tgz#fb205fe6a90fef2fd9c85e6ba06e5559ee1eefa9"
    integrity sha512-x850LS5N7V1F3UcV7PoupzGsyD6iVwTVvsh3tbXfkctZnBnjW5yu5z1/3k3SehF7TyoTIe78rJs02GMMy+LF+A==
    dependencies:
      gaxios "^4.0.0"
      json-bigint "^1.0.0"
  
  get-caller-file@^2.0.5:
    version "2.0.5"
    resolved "https://registry.yarnpkg.com/get-caller-file/-/get-caller-file-2.0.5.tgz#4f94412a82db32f36e3b0b9741f8a97feb031f7e"
    integrity sha512-DyFP3BM/3YHTQOCUL/w0OZHR0lpKeGrxotcHWcqNEdnltqFwXVfhEBQ94eIo34AfQpo0rGki4cyIiftY06h2Fg==
  
  get-intrinsic@^1.0.2, get-intrinsic@^1.1.0, get-intrinsic@^1.1.1, get-intrinsic@^1.1.3:
    version "1.1.3"
    resolved "https://registry.yarnpkg.com/get-intrinsic/-/get-intrinsic-1.1.3.tgz#063c84329ad93e83893c7f4f243ef63ffa351385"
    integrity sha512-QJVz1Tj7MS099PevUG5jvnt9tSkXN8K14dxQlikJuPt4uD9hHAHjLyLBiLR5zELelBdD9QNRAXZzsJx0WaDL9A==
    dependencies:
      function-bind "^1.1.1"
      has "^1.0.3"
      has-symbols "^1.0.3"
  
  get-port@^3.2.0:
    version "3.2.0"
    resolved "https://registry.yarnpkg.com/get-port/-/get-port-3.2.0.tgz#dd7ce7de187c06c8bf353796ac71e099f0980ebc"
    integrity sha512-x5UJKlgeUiNT8nyo/AcnwLnZuZNcSjSw0kogRB+Whd1fjjFq4B1hySFxSFWWSn4mIBzg3sRNUDFYc4g5gjPoLg==
  
  get-stdin@^4.0.1:
    version "4.0.1"
    resolved "https://registry.yarnpkg.com/get-stdin/-/get-stdin-4.0.1.tgz#b968c6b0a04384324902e8bf1a5df32579a450fe"
    integrity sha512-F5aQMywwJ2n85s4hJPTT9RPxGmubonuB10MNYo17/xph174n2MIR33HRguhzVag10O/npM7SPk73LMZNP+FaWw==
  
  get-symbol-description@^1.0.0:
    version "1.0.0"
    resolved "https://registry.yarnpkg.com/get-symbol-description/-/get-symbol-description-1.0.0.tgz#7fdb81c900101fbd564dd5f1a30af5aadc1e58d6"
    integrity sha512-2EmdH1YvIQiZpltCNgkuiUnyukzxM/R6NDJX31Ke3BG1Nq5b0S2PhX59UKi9vZpPDQVdqn+1IcaAwnzTT5vCjw==
    dependencies:
      call-bind "^1.0.2"
      get-intrinsic "^1.1.1"
  
  getpass@^0.1.1:
    version "0.1.7"
    resolved "https://registry.yarnpkg.com/getpass/-/getpass-0.1.7.tgz#5eff8e3e684d569ae4cb2b1282604e8ba62149fa"
    integrity sha512-0fzj9JxOLfJ+XGLhR8ze3unN0KZCgZwiSSDz168VERjK8Wl8kVSdcu2kspd4s4wtAa1y/qrVRiAA0WclVsu0ng==
    dependencies:
      assert-plus "^1.0.0"
  
  glob-parent@^5.1.2, glob-parent@~5.1.2:
    version "5.1.2"
    resolved "https://registry.yarnpkg.com/glob-parent/-/glob-parent-5.1.2.tgz#869832c58034fe68a4093c17dc15e8340d8401c4"
    integrity sha512-AOIgSQCepiJYwP3ARnGx+5VnTu2HBYdzbGP45eLw1vr3zB3vZLeyed1sC9hnbcOc9/SrMyM5RPQrkGz4aS9Zow==
    dependencies:
      is-glob "^4.0.1"
  
  glob-parent@^6.0.1:
    version "6.0.2"
    resolved "https://registry.yarnpkg.com/glob-parent/-/glob-parent-6.0.2.tgz#6d237d99083950c79290f24c7642a3de9a28f9e3"
    integrity sha512-XxwI8EOhVQgWp6iDL+3b0r86f4d6AX6zSU55HfB4ydCEuXLXc5FcYeOu+nnGftS4TEju/11rt4KJPTMgbfmv4A==
    dependencies:
      is-glob "^4.0.3"
  
  glob@^7.0.0, glob@^7.0.3, glob@^7.1.2, glob@^7.1.3, glob@^7.1.4:
    version "7.2.3"
    resolved "https://registry.yarnpkg.com/glob/-/glob-7.2.3.tgz#b8df0fb802bbfa8e89bd1d938b4e16578ed44f2b"
    integrity sha512-nFR0zLpU2YCaRxwoCJvL6UvCH2JFyFVIvwTLsIf21AuHlMskA1hhTdk+LlYJtOlYt9v6dvszD2BGRqBL+iQK9Q==
    dependencies:
      fs.realpath "^1.0.0"
      inflight "^1.0.4"
      inherits "2"
      minimatch "^3.1.1"
      once "^1.3.0"
      path-is-absolute "^1.0.0"
  
  glob@^8.0.3:
    version "8.0.3"
    resolved "https://registry.yarnpkg.com/glob/-/glob-8.0.3.tgz#415c6eb2deed9e502c68fa44a272e6da6eeca42e"
    integrity sha512-ull455NHSHI/Y1FqGaaYFaLGkNMMJbavMrEGFXG/PGrg6y7sutWHUHrz6gy6WEBH6akM1M414dWKCNs+IhKdiQ==
    dependencies:
      fs.realpath "^1.0.0"
      inflight "^1.0.4"
      inherits "2"
      minimatch "^5.0.1"
      once "^1.3.0"
  
  glob@~7.1.1:
    version "7.1.7"
    resolved "https://registry.yarnpkg.com/glob/-/glob-7.1.7.tgz#3b193e9233f01d42d0b3f78294bbeeb418f94a90"
    integrity sha512-OvD9ENzPLbegENnYP5UUfJIirTg4+XwMWGaQfQTY0JenxNvvIKP3U3/tAQSPIu/lHxXYSZmpXlUHeqAIdKzBLQ==
    dependencies:
      fs.realpath "^1.0.0"
      inflight "^1.0.4"
      inherits "2"
      minimatch "^3.0.4"
      once "^1.3.0"
      path-is-absolute "^1.0.0"
  
  globals@^13.15.0:
    version "13.17.0"
    resolved "https://registry.yarnpkg.com/globals/-/globals-13.17.0.tgz#902eb1e680a41da93945adbdcb5a9f361ba69bd4"
    integrity sha512-1C+6nQRb1GwGMKm2dH/E7enFAMxGTmGI7/dEdhy/DNelv85w9B72t3uc5frtMNXIbzrarJJ/lTCjcaZwbLJmyw==
    dependencies:
      type-fest "^0.20.2"
  
  globby@^11.1.0:
    version "11.1.0"
    resolved "https://registry.yarnpkg.com/globby/-/globby-11.1.0.tgz#bd4be98bb042f83d796f7e3811991fbe82a0d34b"
    integrity sha512-jhIXaOzy1sb8IyocaruWSn1TjmnBVs8Ayhcy83rmxNJ8q2uWKCAj3CnJY+KpGSXCueAPc0i05kVvVKtP1t9S3g==
    dependencies:
      array-union "^2.1.0"
      dir-glob "^3.0.1"
      fast-glob "^3.2.9"
      ignore "^5.2.0"
      merge2 "^1.4.1"
      slash "^3.0.0"
  
  globule@^1.0.0:
    version "1.3.4"
    resolved "https://registry.yarnpkg.com/globule/-/globule-1.3.4.tgz#7c11c43056055a75a6e68294453c17f2796170fb"
    integrity sha512-OPTIfhMBh7JbBYDpa5b+Q5ptmMWKwcNcFSR/0c6t8V4f3ZAVBEsKNY37QdVqmLRYSMhOUGYrY0QhSoEpzGr/Eg==
    dependencies:
      glob "~7.1.1"
      lodash "^4.17.21"
      minimatch "~3.0.2"
  
  google-artifactregistry-auth@^3.0.2:
    version "3.0.2"
    resolved "https://registry.yarnpkg.com/google-artifactregistry-auth/-/google-artifactregistry-auth-3.0.2.tgz#72567393ca7093bf692152ecd06c9f348359e523"
    integrity sha512-oh8xwSGFG82Zg9y6ha4T0z6ms3SW0rx4hFCEHAE8oIL64JytJUWQna5ZZ2LS3Z0UzOO1vBYC7MfDPWP/aLqKUw==
    dependencies:
      google-auth-library "^7.0.0"
      yargs "^17.1.1"
  
  google-auth-library@^7.0.0:
    version "7.14.1"
    resolved "https://registry.yarnpkg.com/google-auth-library/-/google-auth-library-7.14.1.tgz#e3483034162f24cc71b95c8a55a210008826213c"
    integrity sha512-5Rk7iLNDFhFeBYc3s8l1CqzbEBcdhwR193RlD4vSNFajIcINKI8W8P0JLmBpwymHqqWbX34pJDQu39cSy/6RsA==
    dependencies:
      arrify "^2.0.0"
      base64-js "^1.3.0"
      ecdsa-sig-formatter "^1.0.11"
      fast-text-encoding "^1.0.0"
      gaxios "^4.0.0"
      gcp-metadata "^4.2.0"
      gtoken "^5.0.4"
      jws "^4.0.0"
      lru-cache "^6.0.0"
  
  google-p12-pem@^3.1.3:
    version "3.1.4"
    resolved "https://registry.yarnpkg.com/google-p12-pem/-/google-p12-pem-3.1.4.tgz#123f7b40da204de4ed1fbf2fd5be12c047fc8b3b"
    integrity sha512-HHuHmkLgwjdmVRngf5+gSmpkyaRI6QmOg77J8tkNBHhNEI62sGHyw4/+UkgyZEI7h84NbWprXDJ+sa3xOYFvTg==
    dependencies:
      node-forge "^1.3.1"
  
  graceful-fs@^4.1.2, graceful-fs@^4.1.3, graceful-fs@^4.1.6, graceful-fs@^4.1.9, graceful-fs@^4.2.0, graceful-fs@^4.2.6:
    version "4.2.10"
    resolved "https://registry.yarnpkg.com/graceful-fs/-/graceful-fs-4.2.10.tgz#147d3a006da4ca3ce14728c7aefc287c367d7a6c"
    integrity sha512-9ByhssR2fPVsNZj478qUUbKfmL0+t5BDVyjShtyZZLiK7ZDAArFFfopyOTj0M05wE2tJPisA4iTnnXl2YoPvOA==
  
  grapheme-splitter@^1.0.4:
    version "1.0.4"
    resolved "https://registry.yarnpkg.com/grapheme-splitter/-/grapheme-splitter-1.0.4.tgz#9cf3a665c6247479896834af35cf1dbb4400767e"
    integrity sha512-bzh50DW9kTPM00T8y4o8vQg89Di9oLJVLW/KaOGIXJWP/iqCN6WKYkbNOF04vFLJhwcpYUh9ydh/+5vpOqV4YQ==
  
  gtoken@^5.0.4:
    version "5.3.2"
    resolved "https://registry.yarnpkg.com/gtoken/-/gtoken-5.3.2.tgz#deb7dc876abe002178e0515e383382ea9446d58f"
    integrity sha512-gkvEKREW7dXWF8NV8pVrKfW7WqReAmjjkMBh6lNCCGOM4ucS0r0YyXXl0r/9Yj8wcW/32ISkfc8h5mPTDbtifQ==
    dependencies:
      gaxios "^4.0.0"
      google-p12-pem "^3.1.3"
      jws "^4.0.0"
  
  har-schema@^2.0.0:
    version "2.0.0"
    resolved "https://registry.yarnpkg.com/har-schema/-/har-schema-2.0.0.tgz#a94c2224ebcac04782a0d9035521f24735b7ec92"
    integrity sha512-Oqluz6zhGX8cyRaTQlFMPw80bSJVG2x/cFb8ZPhUILGgHka9SsokCCOQgpveePerqidZOrT14ipqfJb7ILcW5Q==
  
  har-validator@~5.1.3:
    version "5.1.5"
    resolved "https://registry.yarnpkg.com/har-validator/-/har-validator-5.1.5.tgz#1f0803b9f8cb20c0fa13822df1ecddb36bde1efd"
    integrity sha512-nmT2T0lljbxdQZfspsno9hgrG3Uir6Ks5afism62poxqBM6sDnMEuPmzTq8XN0OEwqKLLdh1jQI3qyE66Nzb3w==
    dependencies:
      ajv "^6.12.3"
      har-schema "^2.0.0"
  
  hard-rejection@^2.1.0:
    version "2.1.0"
    resolved "https://registry.yarnpkg.com/hard-rejection/-/hard-rejection-2.1.0.tgz#1c6eda5c1685c63942766d79bb40ae773cecd883"
    integrity sha512-VIZB+ibDhx7ObhAe7OVtoEbuP4h/MuOTHJ+J8h/eBXotJYl0fBgR72xDFCKgIh22OJZIOVNxBMWuhAr10r8HdA==
  
  has-bigints@^1.0.1, has-bigints@^1.0.2:
    version "1.0.2"
    resolved "https://registry.yarnpkg.com/has-bigints/-/has-bigints-1.0.2.tgz#0871bd3e3d51626f6ca0966668ba35d5602d6eaa"
    integrity sha512-tSvCKtBr9lkF0Ex0aQiP9N+OpV4zi2r/Nee5VkRDbaqv35RLYMzbwQfFSZZH0kR+Rd6302UJZ2p/bJCEoR3VoQ==
  
  has-flag@^3.0.0:
    version "3.0.0"
    resolved "https://registry.yarnpkg.com/has-flag/-/has-flag-3.0.0.tgz#b5d454dc2199ae225699f3467e5a07f3b955bafd"
    integrity sha512-sKJf1+ceQBr4SMkvQnBDNDtf4TXpVhVGateu0t918bl30FnbE2m4vNLX+VWe/dpjlb+HugGYzW7uQXH98HPEYw==
  
  has-flag@^4.0.0:
    version "4.0.0"
    resolved "https://registry.yarnpkg.com/has-flag/-/has-flag-4.0.0.tgz#944771fd9c81c81265c4d6941860da06bb59479b"
    integrity sha512-EykJT/Q1KjTWctppgIAgfSO0tKVuZUjhgMr17kqTumMl6Afv3EISleU7qZUzoXDFTAHTDC4NOoG/ZxU3EvlMPQ==
  
  has-property-descriptors@^1.0.0:
    version "1.0.0"
    resolved "https://registry.yarnpkg.com/has-property-descriptors/-/has-property-descriptors-1.0.0.tgz#610708600606d36961ed04c196193b6a607fa861"
    integrity sha512-62DVLZGoiEBDHQyqG4w9xCuZ7eJEwNmJRWw2VY84Oedb7WFcA27fiEVe8oUQx9hAUJ4ekurquucTGwsyO1XGdQ==
    dependencies:
      get-intrinsic "^1.1.1"
  
  has-symbols@^1.0.2, has-symbols@^1.0.3:
    version "1.0.3"
    resolved "https://registry.yarnpkg.com/has-symbols/-/has-symbols-1.0.3.tgz#bb7b2c4349251dce87b125f7bdf874aa7c8b39f8"
    integrity sha512-l3LCuF6MgDNwTDKkdYGEihYjt5pRPbEg46rtlmnSPlUbgmB8LOIrKJbYYFBSbnPaJexMKtiPO8hmeRjRz2Td+A==
  
  has-tostringtag@^1.0.0:
    version "1.0.0"
    resolved "https://registry.yarnpkg.com/has-tostringtag/-/has-tostringtag-1.0.0.tgz#7e133818a7d394734f941e73c3d3f9291e658b25"
    integrity sha512-kFjcSNhnlGV1kyoGk7OXKSawH5JOb/LzUc5w9B02hOTO0dfFRjbHQKvg1d6cf3HbeUmtU9VbbV3qzZ2Teh97WQ==
    dependencies:
      has-symbols "^1.0.2"
  
  has-unicode@^2.0.1:
    version "2.0.1"
    resolved "https://registry.yarnpkg.com/has-unicode/-/has-unicode-2.0.1.tgz#e0e6fe6a28cf51138855e086d1691e771de2a8b9"
    integrity sha512-8Rf9Y83NBReMnx0gFzA8JImQACstCYWUplepDa9xprwwtmgEZUF0h/i5xSA625zB/I37EtrswSST6OXxwaaIJQ==
  
  has@^1.0.3:
    version "1.0.3"
    resolved "https://registry.yarnpkg.com/has/-/has-1.0.3.tgz#722d7cbfc1f6aa8241f16dd814e011e1f41e8796"
    integrity sha512-f2dvO0VU6Oej7RkWJGrehjbzMAjFp5/VKPp5tTpWIV4JHHZK1/BxbFRtf/siA2SWTe09caDmVtYYzWEIbBS4zw==
    dependencies:
      function-bind "^1.1.1"
  
  hosted-git-info@^2.1.4:
    version "2.8.9"
    resolved "https://registry.yarnpkg.com/hosted-git-info/-/hosted-git-info-2.8.9.tgz#dffc0bf9a21c02209090f2aa69429e1414daf3f9"
    integrity sha512-mxIDAb9Lsm6DoOJ7xH+5+X4y1LU/4Hi50L9C5sIswK3JzULS4bwk1FvjdBgvYR4bzT4tuUQiC15FE2f5HbLvYw==
  
  hosted-git-info@^4.0.1:
    version "4.1.0"
    resolved "https://registry.yarnpkg.com/hosted-git-info/-/hosted-git-info-4.1.0.tgz#827b82867e9ff1c8d0c4d9d53880397d2c86d224"
    integrity sha512-kyCuEOWjJqZuDbRHzL8V93NzQhwIB71oFWSyzVo+KPZI+pnQPPxucdkrOZvkLRnrf5URsQM+IJ09Dw29cRALIA==
    dependencies:
      lru-cache "^6.0.0"
  
  html2canvas@^1.4.1:
    version "1.4.1"
    resolved "https://registry.yarnpkg.com/html2canvas/-/html2canvas-1.4.1.tgz#7cef1888311b5011d507794a066041b14669a543"
    integrity sha512-fPU6BHNpsyIhr8yyMpTLLxAbkaK8ArIBcmZIRiBLiDhjeqvXolaEmDGmELFuX9I4xDcaKKcJl+TKZLqruBbmWA==
    dependencies:
      css-line-break "^2.1.0"
      text-segmentation "^1.0.3"
  
  http-cache-semantics@^4.1.0:
    version "4.1.0"
    resolved "https://registry.yarnpkg.com/http-cache-semantics/-/http-cache-semantics-4.1.0.tgz#49e91c5cbf36c9b94bcfcd71c23d5249ec74e390"
    integrity sha512-carPklcUh7ROWRK7Cv27RPtdhYhUsela/ue5/jKzjegVvXDqM2ILE9Q2BGn9JZJh1g87cp56su/FgQSzcWS8cQ==
  
  http-proxy-agent@^4.0.1:
    version "4.0.1"
    resolved "https://registry.yarnpkg.com/http-proxy-agent/-/http-proxy-agent-4.0.1.tgz#8a8c8ef7f5932ccf953c296ca8291b95aa74aa3a"
    integrity sha512-k0zdNgqWTGA6aeIRVpvfVob4fL52dTfaehylg0Y4UvSySvOq/Y+BOyPrgpUrA7HylqvU8vIZGsRuXmspskV0Tg==
    dependencies:
      "@tootallnate/once" "1"
      agent-base "6"
      debug "4"
  
  http-signature@~1.2.0:
    version "1.2.0"
    resolved "https://registry.yarnpkg.com/http-signature/-/http-signature-1.2.0.tgz#9aecd925114772f3d95b65a60abb8f7c18fbace1"
    integrity sha512-CAbnr6Rz4CYQkLYUtSNXxQPUH2gK8f3iWexVlsnMeD+GjlsQ0Xsy1cOX+mN3dtxYomRy21CiOzU8Uhw6OwncEQ==
    dependencies:
      assert-plus "^1.0.0"
      jsprim "^1.2.2"
      sshpk "^1.7.0"
  
  https-proxy-agent@^5.0.0:
    version "5.0.1"
    resolved "https://registry.yarnpkg.com/https-proxy-agent/-/https-proxy-agent-5.0.1.tgz#c59ef224a04fe8b754f3db0063a25ea30d0005d6"
    integrity sha512-dFcAjpTQFgoLMzC2VwU+C/CbS7uRL0lWmxDITmqm7C+7F0Odmj6s9l6alZc6AELXhrnggM2CeWSXHGOdX2YtwA==
    dependencies:
      agent-base "6"
      debug "4"
  
  humanize-ms@^1.2.1:
    version "1.2.1"
    resolved "https://registry.yarnpkg.com/humanize-ms/-/humanize-ms-1.2.1.tgz#c46e3159a293f6b896da29316d8b6fe8bb79bbed"
    integrity sha512-Fl70vYtsAFb/C06PTS9dZBo7ihau+Tu/DNCk/OyHhea07S+aeMWpFFkUaXRa8fI+ScZbEI8dfSxwY7gxZ9SAVQ==
    dependencies:
      ms "^2.0.0"
  
  iconv-lite@^0.6.2:
    version "0.6.3"
    resolved "https://registry.yarnpkg.com/iconv-lite/-/iconv-lite-0.6.3.tgz#a52f80bf38da1952eb5c681790719871a1a72501"
    integrity sha512-4fCk79wshMdzMp2rH06qWrJE4iolqLhCUH+OiuIgU++RB0+94NlDL81atO7GX55uUKueo0txHNtvEyI6D7WdMw==
    dependencies:
      safer-buffer ">= 2.1.2 < 3.0.0"
  
  ignore@^5.2.0:
    version "5.2.0"
    resolved "https://registry.yarnpkg.com/ignore/-/ignore-5.2.0.tgz#6d3bac8fa7fe0d45d9f9be7bac2fc279577e345a"
    integrity sha512-CmxgYGiEPCLhfLnpPp1MoRmifwEIOgjcHXxOBjv7mY96c+eWScsOP9c112ZyLdWHi0FxHjI+4uVhKYp/gcdRmQ==
  
  import-fresh@^3.0.0, import-fresh@^3.2.1:
    version "3.3.0"
    resolved "https://registry.yarnpkg.com/import-fresh/-/import-fresh-3.3.0.tgz#37162c25fcb9ebaa2e6e53d5b4d88ce17d9e0c2b"
    integrity sha512-veYYhQa+D1QBKznvhUHxb8faxlrwUnxseDAbAp457E0wLNio2bOSKnjYDhMj+YiAq61xrMGhQk9iXVk5FzgQMw==
    dependencies:
      parent-module "^1.0.0"
      resolve-from "^4.0.0"
  
  imurmurhash@^0.1.4:
    version "0.1.4"
    resolved "https://registry.yarnpkg.com/imurmurhash/-/imurmurhash-0.1.4.tgz#9218b9b2b928a238b13dc4fb6b6d576f231453ea"
    integrity sha512-JmXMZ6wuvDmLiHEml9ykzqO6lwFbof0GG4IkcGaENdCRDDmMVnny7s5HsIgHCbaq0w2MyPhDqkhTUgS2LU2PHA==
  
  indent-string@^4.0.0:
    version "4.0.0"
    resolved "https://registry.yarnpkg.com/indent-string/-/indent-string-4.0.0.tgz#624f8f4497d619b2d9768531d58f4122854d7251"
    integrity sha512-EdDDZu4A2OyIK7Lr/2zG+w5jmbuk1DVBnEwREQvBzspBJkCEbRa8GxU1lghYcaGJCnRWibjDXlq779X1/y5xwg==
  
  infer-owner@^1.0.4:
    version "1.0.4"
    resolved "https://registry.yarnpkg.com/infer-owner/-/infer-owner-1.0.4.tgz#c4cefcaa8e51051c2a40ba2ce8a3d27295af9467"
    integrity sha512-IClj+Xz94+d7irH5qRyfJonOdfTzuDaifE6ZPWfx0N0+/ATZCbuTPq2prFl526urkQd90WyUKIh1DfBQ2hMz9A==
  
  inflight@^1.0.4:
    version "1.0.6"
    resolved "https://registry.yarnpkg.com/inflight/-/inflight-1.0.6.tgz#49bd6331d7d02d0c09bc910a1075ba8165b56df9"
    integrity sha512-k92I/b08q4wvFscXCLvqfsHCrjrF7yiXsQuIVvVE7N82W3+aqpzuUdBbfhWcy/FZR3/4IgflMgKLOsvPDrGCJA==
    dependencies:
      once "^1.3.0"
      wrappy "1"
  
  inherits@2, inherits@^2.0.3, inherits@~2.0.3:
    version "2.0.4"
    resolved "https://registry.yarnpkg.com/inherits/-/inherits-2.0.4.tgz#0fa2c64f932917c3433a0ded55363aae37416b7c"
    integrity sha512-k/vGaX4/Yla3WzyMCvTQOXYeIHvqOKtnqBduzTHpzpQZzAskKMhZ2K+EnBiSM9zGSoIFeMpXKxa4dYeZIQqewQ==
  
  ini@^3.0.1:
    version "3.0.1"
    resolved "https://registry.yarnpkg.com/ini/-/ini-3.0.1.tgz#c76ec81007875bc44d544ff7a11a55d12294102d"
    integrity sha512-it4HyVAUTKBc6m8e1iXWvXSTdndF7HbdN713+kvLrymxTaU4AUBWrJ4vEooP+V7fexnVD3LKcBshjGGPefSMUQ==
  
  internal-slot@^1.0.3:
    version "1.0.3"
    resolved "https://registry.yarnpkg.com/internal-slot/-/internal-slot-1.0.3.tgz#7347e307deeea2faac2ac6205d4bc7d34967f59c"
    integrity sha512-O0DB1JC/sPyZl7cIo78n5dR7eUSwwpYPiXRhTzNxZVAMUuB8vlnRFyLxdrVToks6XPLVnFfbzaVd5WLjhgg+vA==
    dependencies:
      get-intrinsic "^1.1.0"
      has "^1.0.3"
      side-channel "^1.0.4"
  
  inversify@6.0.1:
    version "6.0.1"
    resolved "https://registry.yarnpkg.com/inversify/-/inversify-6.0.1.tgz#b20d35425d5d8c5cd156120237aad0008d969f02"
    integrity sha512-B3ex30927698TJENHR++8FfEaJGqoWOgI6ZY5Ht/nLUsFCwHn6akbwtnUAPCgUepAnTpe2qHxhDNjoKLyz6rgQ==
  
  ip@^2.0.0:
    version "2.0.0"
    resolved "https://registry.yarnpkg.com/ip/-/ip-2.0.0.tgz#4cf4ab182fee2314c75ede1276f8c80b479936da"
    integrity sha512-WKa+XuLG1A1R0UWhl2+1XQSi+fZWMsYKffMZTTYsiZaUD8k2yDAj5atimTUD2TZkyCkNEeYE5NhFZmupOGtjYQ==
  
  is-arguments@^1.0.4:
    version "1.1.1"
    resolved "https://registry.yarnpkg.com/is-arguments/-/is-arguments-1.1.1.tgz#15b3f88fda01f2a97fec84ca761a560f123efa9b"
    integrity sha512-8Q7EARjzEnKpt/PCD7e1cgUS0a6X8u5tdSiMqXhojOdoV9TsMsiO+9VLC5vAmO8N7/GmXn7yjR8qnA6bVAEzfA==
    dependencies:
      call-bind "^1.0.2"
      has-tostringtag "^1.0.0"
  
  is-arrayish@^0.2.1:
    version "0.2.1"
    resolved "https://registry.yarnpkg.com/is-arrayish/-/is-arrayish-0.2.1.tgz#77c99840527aa8ecb1a8ba697b80645a7a926a9d"
    integrity sha512-zz06S8t0ozoDXMG+ube26zeCTNXcKIPJZJi8hBrF4idCLms4CG9QtK7qBl1boi5ODzFpjswb5JPmHCbMpjaYzg==
  
  is-bigint@^1.0.1:
    version "1.0.4"
    resolved "https://registry.yarnpkg.com/is-bigint/-/is-bigint-1.0.4.tgz#08147a1875bc2b32005d41ccd8291dffc6691df3"
    integrity sha512-zB9CruMamjym81i2JZ3UMn54PKGsQzsJeo6xvN3HJJ4CAsQNB6iRutp2To77OfCNuoxspsIhzaPoO1zyCEhFOg==
    dependencies:
      has-bigints "^1.0.1"
  
  is-binary-path@~2.1.0:
    version "2.1.0"
    resolved "https://registry.yarnpkg.com/is-binary-path/-/is-binary-path-2.1.0.tgz#ea1f7f3b80f064236e83470f86c09c254fb45b09"
    integrity sha512-ZMERYes6pDydyuGidse7OsHxtbI7WVeUEozgR/g7rd0xUimYNlvZRE/K2MgZTjWy725IfelLeVcEM97mmtRGXw==
    dependencies:
      binary-extensions "^2.0.0"
  
  is-boolean-object@^1.1.0:
    version "1.1.2"
    resolved "https://registry.yarnpkg.com/is-boolean-object/-/is-boolean-object-1.1.2.tgz#5c6dc200246dd9321ae4b885a114bb1f75f63719"
    integrity sha512-gDYaKHJmnj4aWxyj6YHyXVpdQawtVLHU5cb+eztPGczf6cjuTdwve5ZIEfgXqH4e57An1D1AKf8CZ3kYrQRqYA==
    dependencies:
      call-bind "^1.0.2"
      has-tostringtag "^1.0.0"
  
  is-buffer@~1.1.6:
    version "1.1.6"
    resolved "https://registry.yarnpkg.com/is-buffer/-/is-buffer-1.1.6.tgz#efaa2ea9daa0d7ab2ea13a97b2b8ad51fefbe8be"
    integrity sha512-NcdALwpXkTm5Zvvbk7owOUSvVvBKDgKP5/ewfXEznmQFfs4ZRmanOeKBTjRVjka3QFoN6XJ+9F3USqfHqTaU5w==
  
  is-builtin-module@^3.2.0:
    version "3.2.0"
    resolved "https://registry.yarnpkg.com/is-builtin-module/-/is-builtin-module-3.2.0.tgz#bb0310dfe881f144ca83f30100ceb10cf58835e0"
    integrity sha512-phDA4oSGt7vl1n5tJvTWooWWAsXLY+2xCnxNqvKhGEzujg+A43wPlPOyDg3C8XQHN+6k/JTQWJ/j0dQh/qr+Hw==
    dependencies:
      builtin-modules "^3.3.0"
  
  is-callable@^1.1.3, is-callable@^1.1.4, is-callable@^1.2.7:
    version "1.2.7"
    resolved "https://registry.yarnpkg.com/is-callable/-/is-callable-1.2.7.tgz#3bc2a85ea742d9e36205dcacdd72ca1fdc51b055"
    integrity sha512-1BC0BVFhS/p0qtw6enp8e+8OD0UrK0oFLztSjNzhcKA3WDuJxxAPXzPuPtKkjEY9UUoEWlX/8fgKeu2S8i9JTA==
  
  is-core-module@^2.5.0, is-core-module@^2.9.0:
    version "2.10.0"
    resolved "https://registry.yarnpkg.com/is-core-module/-/is-core-module-2.10.0.tgz#9012ede0a91c69587e647514e1d5277019e728ed"
    integrity sha512-Erxj2n/LDAZ7H8WNJXd9tw38GYM3dv8rk8Zcs+jJuxYTW7sozH+SS8NtrSjVL1/vpLvWi1hxy96IzjJ3EHTJJg==
    dependencies:
      has "^1.0.3"
  
  is-date-object@^1.0.1:
    version "1.0.5"
    resolved "https://registry.yarnpkg.com/is-date-object/-/is-date-object-1.0.5.tgz#0841d5536e724c25597bf6ea62e1bd38298df31f"
    integrity sha512-9YQaSxsAiSwcvS33MBk3wTCVnWK+HhF8VZR2jRxehM16QcVOdHqPn4VPHmRK4lSr38n9JriurInLcP90xsYNfQ==
    dependencies:
      has-tostringtag "^1.0.0"
  
  is-docker@^2.0.0, is-docker@^2.1.1:
    version "2.2.1"
    resolved "https://registry.yarnpkg.com/is-docker/-/is-docker-2.2.1.tgz#33eeabe23cfe86f14bde4408a02c0cfb853acdaa"
    integrity sha512-F+i2BKsFrH66iaUFc0woD8sLy8getkwTwtOBjvs56Cx4CgJDeKQeqfz8wAYiSb8JOprWhHH5p77PbmYCvvUuXQ==
  
  is-extglob@^2.1.1:
    version "2.1.1"
    resolved "https://registry.yarnpkg.com/is-extglob/-/is-extglob-2.1.1.tgz#a88c02535791f02ed37c76a1b9ea9773c833f8c2"
    integrity sha512-SbKbANkN603Vi4jEZv49LeVJMn4yGwsbzZworEoyEiutsN3nJYdbO36zfhGJ6QEDpOZIFkDtnq5JRxmvl3jsoQ==
  
  is-fullwidth-code-point@^3.0.0:
    version "3.0.0"
    resolved "https://registry.yarnpkg.com/is-fullwidth-code-point/-/is-fullwidth-code-point-3.0.0.tgz#f116f8064fe90b3f7844a38997c0b75051269f1d"
    integrity sha512-zymm5+u+sCsSWyD9qNaejV3DFvhCKclKdizYaJUuHA83RLjb7nSuGnddCHGv0hk+KY7BMAlsWeK4Ueg6EV6XQg==
  
  is-generator-function@^1.0.7:
    version "1.0.10"
    resolved "https://registry.yarnpkg.com/is-generator-function/-/is-generator-function-1.0.10.tgz#f1558baf1ac17e0deea7c0415c438351ff2b3c72"
    integrity sha512-jsEjy9l3yiXEQ+PsXdmBwEPcOxaXWLspKdplFUVI9vq1iZgIekeC0L167qeu86czQaxed3q/Uzuw0swL0irL8A==
    dependencies:
      has-tostringtag "^1.0.0"
  
  is-glob@^4.0.0, is-glob@^4.0.1, is-glob@^4.0.3, is-glob@~4.0.1:
    version "4.0.3"
    resolved "https://registry.yarnpkg.com/is-glob/-/is-glob-4.0.3.tgz#64f61e42cbbb2eec2071a9dac0b28ba1e65d5084"
    integrity sha512-xelSayHH36ZgE7ZWhli7pW34hNbNl8Ojv5KVmkJD4hBdD3th8Tfk9vYasLM+mXWOZhFkgZfxhLSnrwRr4elSSg==
    dependencies:
      is-extglob "^2.1.1"
  
  is-lambda@^1.0.1:
    version "1.0.1"
    resolved "https://registry.yarnpkg.com/is-lambda/-/is-lambda-1.0.1.tgz#3d9877899e6a53efc0160504cde15f82e6f061d5"
    integrity sha512-z7CMFGNrENq5iFB9Bqo64Xk6Y9sg+epq1myIcdHaGnbMTYOxvzsEtdYqQUylB7LxfkvgrrjP32T6Ywciio9UIQ==
  
  is-module@^1.0.0:
    version "1.0.0"
    resolved "https://registry.yarnpkg.com/is-module/-/is-module-1.0.0.tgz#3258fb69f78c14d5b815d664336b4cffb6441591"
    integrity sha512-51ypPSPCoTEIN9dy5Oy+h4pShgJmPCygKfyRCISBI+JoWT/2oJvK8QPxmwv7b/p239jXrm9M1mlQbyKJ5A152g==
  
  is-nan@^1.2.1:
    version "1.3.2"
    resolved "https://registry.yarnpkg.com/is-nan/-/is-nan-1.3.2.tgz#043a54adea31748b55b6cd4e09aadafa69bd9e1d"
    integrity sha512-E+zBKpQ2t6MEo1VsonYmluk9NxGrbzpeeLC2xIViuO2EjU2xsXsBPwTr3Ykv9l08UYEVEdWeRZNouaZqF6RN0w==
    dependencies:
      call-bind "^1.0.0"
      define-properties "^1.1.3"
  
  is-negative-zero@^2.0.2:
    version "2.0.2"
    resolved "https://registry.yarnpkg.com/is-negative-zero/-/is-negative-zero-2.0.2.tgz#7bf6f03a28003b8b3965de3ac26f664d765f3150"
    integrity sha512-dqJvarLawXsFbNDeJW7zAz8ItJ9cd28YufuuFzh0G8pNHjJMnY08Dv7sYX2uF5UpQOwieAeOExEYAWWfu7ZZUA==
  
  is-number-object@^1.0.4:
    version "1.0.7"
    resolved "https://registry.yarnpkg.com/is-number-object/-/is-number-object-1.0.7.tgz#59d50ada4c45251784e9904f5246c742f07a42fc"
    integrity sha512-k1U0IRzLMo7ZlYIfzRu23Oh6MiIFasgpb9X76eqfFZAqwH44UI4KTBvBYIZ1dSL9ZzChTB9ShHfLkR4pdW5krQ==
    dependencies:
      has-tostringtag "^1.0.0"
  
  is-number@^7.0.0:
    version "7.0.0"
    resolved "https://registry.yarnpkg.com/is-number/-/is-number-7.0.0.tgz#7535345b896734d5f80c4d06c50955527a14f12b"
    integrity sha512-41Cifkg6e8TylSpdtTpeLVMqvSBEVzTttHvERD741+pnZ8ANv0004MRL43QKPDlK9cGvNp6NZWZUBlbGXYxxng==
  
  is-plain-obj@^1.1.0:
    version "1.1.0"
    resolved "https://registry.yarnpkg.com/is-plain-obj/-/is-plain-obj-1.1.0.tgz#71a50c8429dfca773c92a390a4a03b39fcd51d3e"
    integrity sha512-yvkRyxmFKEOQ4pNXCmJG5AEQNlXJS5LaONXo5/cLdTZdWvsZ1ioJEonLGAosKlMWE8lwUy/bJzMjcw8az73+Fg==
  
  is-reference@1.2.1:
    version "1.2.1"
    resolved "https://registry.yarnpkg.com/is-reference/-/is-reference-1.2.1.tgz#8b2dac0b371f4bc994fdeaba9eb542d03002d0b7"
    integrity sha512-U82MsXXiFIrjCK4otLT+o2NA2Cd2g5MLoOVXUZjIOhLurrRxpEXzI8O0KZHr3IjLvlAH1kTPYSuqer5T9ZVBKQ==
    dependencies:
      "@types/estree" "*"
  
  is-regex@^1.1.4:
    version "1.1.4"
    resolved "https://registry.yarnpkg.com/is-regex/-/is-regex-1.1.4.tgz#eef5663cd59fa4c0ae339505323df6854bb15958"
    integrity sha512-kvRdxDsxZjhzUX07ZnLydzS1TU/TJlTUHHY4YLL87e37oUA49DfkLqgy+VjFocowy29cKvcSiu+kIv728jTTVg==
    dependencies:
      call-bind "^1.0.2"
      has-tostringtag "^1.0.0"
  
  is-shared-array-buffer@^1.0.2:
    version "1.0.2"
    resolved "https://registry.yarnpkg.com/is-shared-array-buffer/-/is-shared-array-buffer-1.0.2.tgz#8f259c573b60b6a32d4058a1a07430c0a7344c79"
    integrity sha512-sqN2UDu1/0y6uvXyStCOzyhAjCSlHceFoMKJW8W9EU9cvic/QdsZ0kEU93HEy3IUEFZIiH/3w+AH/UQbPHNdhA==
    dependencies:
      call-bind "^1.0.2"
  
  is-stream@^2.0.0:
    version "2.0.1"
    resolved "https://registry.yarnpkg.com/is-stream/-/is-stream-2.0.1.tgz#fac1e3d53b97ad5a9d0ae9cef2389f5810a5c077"
    integrity sha512-hFoiJiTl63nn+kstHGBtewWSKnQLpyb155KHheA1l39uvtO9nWIop1p3udqPcUd/xbF1VLMO4n7OI6p7RbngDg==
  
  is-string@^1.0.5, is-string@^1.0.7:
    version "1.0.7"
    resolved "https://registry.yarnpkg.com/is-string/-/is-string-1.0.7.tgz#0dd12bf2006f255bb58f695110eff7491eebc0fd"
    integrity sha512-tE2UXzivje6ofPW7l23cjDOMa09gb7xlAqG6jG5ej6uPV32TlWP3NKPigtaGeHNu9fohccRYvIiZMfOOnOYUtg==
    dependencies:
      has-tostringtag "^1.0.0"
  
  is-symbol@^1.0.2, is-symbol@^1.0.3:
    version "1.0.4"
    resolved "https://registry.yarnpkg.com/is-symbol/-/is-symbol-1.0.4.tgz#a6dac93b635b063ca6872236de88910a57af139c"
    integrity sha512-C/CPBqKWnvdcxqIARxyOh4v1UUEOCHpgDa0WYgpKDFMszcrPcffg5uhwSgPCLD2WWxmq6isisz87tzT01tuGhg==
    dependencies:
      has-symbols "^1.0.2"
  
  is-typed-array@^1.1.3, is-typed-array@^1.1.9:
    version "1.1.9"
    resolved "https://registry.yarnpkg.com/is-typed-array/-/is-typed-array-1.1.9.tgz#246d77d2871e7d9f5aeb1d54b9f52c71329ece67"
    integrity sha512-kfrlnTTn8pZkfpJMUgYD7YZ3qzeJgWUn8XfVYBARc4wnmNOmLbmuuaAs3q5fvB0UJOn6yHAKaGTPM7d6ezoD/A==
    dependencies:
      available-typed-arrays "^1.0.5"
      call-bind "^1.0.2"
      es-abstract "^1.20.0"
      for-each "^0.3.3"
      has-tostringtag "^1.0.0"
  
  is-typedarray@~1.0.0:
    version "1.0.0"
    resolved "https://registry.yarnpkg.com/is-typedarray/-/is-typedarray-1.0.0.tgz#e479c80858df0c1b11ddda6940f96011fcda4a9a"
    integrity sha512-cyA56iCMHAh5CdzjJIa4aohJyeO1YbwLi3Jc35MmRU6poroFjIGZzUzupGiRPOjgHg9TLu43xbpwXk523fMxKA==
  
  is-weakref@^1.0.2:
    version "1.0.2"
    resolved "https://registry.yarnpkg.com/is-weakref/-/is-weakref-1.0.2.tgz#9529f383a9338205e89765e0392efc2f100f06f2"
    integrity sha512-qctsuLZmIQ0+vSSMfoVvyFe2+GSEvnmZ2ezTup1SBse9+twCCeial6EEi3Nc2KFcf6+qz2FBPnjXsk8xhKSaPQ==
    dependencies:
      call-bind "^1.0.2"
  
  is-wsl@^2.2.0:
    version "2.2.0"
    resolved "https://registry.yarnpkg.com/is-wsl/-/is-wsl-2.2.0.tgz#74a4c76e77ca9fd3f932f290c17ea326cd157271"
    integrity sha512-fKzAra0rGJUUBwGBgNkHZuToZcn+TtXHpeCgmkMJMMYx1sQDYaCSyjJBSCa2nH1DGm7s3n1oBnohoVTBaN7Lww==
    dependencies:
      is-docker "^2.0.0"
  
  isarray@~1.0.0:
    version "1.0.0"
    resolved "https://registry.yarnpkg.com/isarray/-/isarray-1.0.0.tgz#bb935d48582cba168c06834957a54a3e07124f11"
    integrity sha512-VLghIWNM6ELQzo7zwmcg0NmTVyWKYjvIeM83yjp0wRDTmUnrM678fQbcKBo6n2CJEF0szoG//ytg+TKla89ALQ==
  
  isexe@^2.0.0:
    version "2.0.0"
    resolved "https://registry.yarnpkg.com/isexe/-/isexe-2.0.0.tgz#e8fbf374dc556ff8947a10dcb0572d633f2cfa10"
    integrity sha512-RHxMLp9lnKHGHRng9QFhRCMbYAcVpn69smSGcq3f36xjgVVWThj4qqLbTLlq7Ssj8B+fIQ1EuCEGI2lKsyQeIw==
  
  isstream@~0.1.2:
    version "0.1.2"
    resolved "https://registry.yarnpkg.com/isstream/-/isstream-0.1.2.tgz#47e63f7af55afa6f92e1500e690eb8b8529c099a"
    integrity sha512-Yljz7ffyPbrLpLngrMtZ7NduUgVvi6wG9RJ9IUcyCd59YQ911PBJphODUcbOVbqYfxe1wuYf/LJ8PauMRwsM/g==
  
  javascript-obfuscator@^4.0.0:
    version "4.0.0"
    resolved "https://registry.yarnpkg.com/javascript-obfuscator/-/javascript-obfuscator-4.0.0.tgz#9c1dd209f8b1ef4e49b7a0f20b95bffa6a6b2e79"
    integrity sha512-vS/8w/9eKISzwXNLd+OLMCCwjD+dFMdOlCDOo919iR/MWdBs+7u1ybpwRoWOmODToPQKVYw5GasvZoIiPs5nPw==
    dependencies:
      "@javascript-obfuscator/escodegen" "2.3.0"
      "@javascript-obfuscator/estraverse" "5.4.0"
      acorn "8.7.0"
      assert "2.0.0"
      chalk "4.1.2"
      chance "1.1.8"
      class-validator "0.13.2"
      commander "9.0.0"
      eslint-scope "7.1.0"
      eslint-visitor-keys "3.2.0"
      fast-deep-equal "3.1.3"
      inversify "6.0.1"
      js-string-escape "1.0.1"
      md5 "2.3.0"
      mkdirp "1.0.4"
      multimatch "5.0.0"
      opencollective-postinstall "2.0.3"
      process "0.11.10"
      reflect-metadata "0.1.13"
      source-map-support "0.5.21"
      string-template "1.0.0"
      stringz "2.1.0"
      tslib "2.3.1"
  
  jest-worker@^26.2.1:
    version "26.6.2"
    resolved "https://registry.yarnpkg.com/jest-worker/-/jest-worker-26.6.2.tgz#7f72cbc4d643c365e27b9fd775f9d0eaa9c7a8ed"
    integrity sha512-KWYVV1c4i+jbMpaBC+U++4Va0cp8OisU185o73T1vo99hqi7w8tSJfUXYswwqqrjzwxa6KpRK54WhPvwf5w6PQ==
    dependencies:
      "@types/node" "*"
      merge-stream "^2.0.0"
      supports-color "^7.0.0"
  
  jose@^4.10.3:
    version "4.10.3"
    resolved "https://registry.yarnpkg.com/jose/-/jose-4.10.3.tgz#36ffeae395f14624a99961db6ada957476eccb19"
    integrity sha512-3S4wQnaoJKSAx9uHSoyf8B/lxjs1qCntHWL6wNFszJazo+FtWe+qD0zVfY0BlqJ5HHK4jcnM98k3BQzVLbzE4g==
  
  js-base64@^2.4.9:
    version "2.6.4"
    resolved "https://registry.yarnpkg.com/js-base64/-/js-base64-2.6.4.tgz#f4e686c5de1ea1f867dbcad3d46d969428df98c4"
    integrity sha512-pZe//GGmwJndub7ZghVHz7vjb2LgC1m8B07Au3eYqeqv9emhESByMXxaEgkUkEqJe87oBbSniGYoQNIBklc7IQ==
  
  js-sdsl@^4.1.4:
    version "4.1.5"
    resolved "https://registry.yarnpkg.com/js-sdsl/-/js-sdsl-4.1.5.tgz#1ff1645e6b4d1b028cd3f862db88c9d887f26e2a"
    integrity sha512-08bOAKweV2NUC1wqTtf3qZlnpOX/R2DU9ikpjOHs0H+ibQv3zpncVQg6um4uYtRtrwIX8M4Nh3ytK4HGlYAq7Q==
  
  js-string-escape@1.0.1:
    version "1.0.1"
    resolved "https://registry.yarnpkg.com/js-string-escape/-/js-string-escape-1.0.1.tgz#e2625badbc0d67c7533e9edc1068c587ae4137ef"
    integrity sha512-Smw4xcfIQ5LVjAOuJCvN/zIodzA/BBSsluuoSykP+lUvScIi4U6RJLfwHet5cxFnCswUjISV8oAXaqaJDY3chg==
  
  js-tokens@^4.0.0:
    version "4.0.0"
    resolved "https://registry.yarnpkg.com/js-tokens/-/js-tokens-4.0.0.tgz#19203fb59991df98e3a287050d4647cdeaf32499"
    integrity sha512-RdJUflcE3cUzKiMqQgsCu06FPu9UdIJO0beYbPhHN4k6apgJtifcoCtT9bcxOpYBtpD2kCM6Sbzg4CausW/PKQ==
  
  js-yaml@^4.1.0:
    version "4.1.0"
    resolved "https://registry.yarnpkg.com/js-yaml/-/js-yaml-4.1.0.tgz#c1fb65f8f5017901cdd2c951864ba18458a10602"
    integrity sha512-wpxZs9NoxZaJESJGIZTyDEaYpl0FKSA+FB9aJiyemKhMwkxQg63h4T1KJgUGHpTqPDNRcmmYLugrRjJlBtWvRA==
    dependencies:
      argparse "^2.0.1"
  
  js2xmlparser@^4.0.2:
    version "4.0.2"
    resolved "https://registry.yarnpkg.com/js2xmlparser/-/js2xmlparser-4.0.2.tgz#2a1fdf01e90585ef2ae872a01bc169c6a8d5e60a"
    integrity sha512-6n4D8gLlLf1n5mNLQPRfViYzu9RATblzPEtm1SthMX1Pjao0r9YI9nw7ZIfRxQMERS87mcswrg+r/OYrPRX6jA==
    dependencies:
      xmlcreate "^2.0.4"
  
  jsbn@~0.1.0:
    version "0.1.1"
    resolved "https://registry.yarnpkg.com/jsbn/-/jsbn-0.1.1.tgz#a5e654c2e5a2deb5f201d96cefbca80c0ef2f513"
    integrity sha512-UVU9dibq2JcFWxQPA6KCqj5O42VOmAY3zQUfEKxU0KpTGXwNoCjkX1e13eHNvw/xPynt6pU0rZ1htjWTNTSXsg==
  
  jsdoc@^3.6.11:
    version "3.6.11"
    resolved "https://registry.yarnpkg.com/jsdoc/-/jsdoc-3.6.11.tgz#8bbb5747e6f579f141a5238cbad4e95e004458ce"
    integrity sha512-8UCU0TYeIYD9KeLzEcAu2q8N/mx9O3phAGl32nmHlE0LpaJL71mMkP4d+QE5zWfNt50qheHtOZ0qoxVrsX5TUg==
    dependencies:
      "@babel/parser" "^7.9.4"
      "@types/markdown-it" "^12.2.3"
      bluebird "^3.7.2"
      catharsis "^0.9.0"
      escape-string-regexp "^2.0.0"
      js2xmlparser "^4.0.2"
      klaw "^3.0.0"
      markdown-it "^12.3.2"
      markdown-it-anchor "^8.4.1"
      marked "^4.0.10"
      mkdirp "^1.0.4"
      requizzle "^0.2.3"
      strip-json-comments "^3.1.0"
      taffydb "2.6.2"
      underscore "~1.13.2"
  
  json-bigint@^1.0.0:
    version "1.0.0"
    resolved "https://registry.yarnpkg.com/json-bigint/-/json-bigint-1.0.0.tgz#ae547823ac0cad8398667f8cd9ef4730f5b01ff1"
    integrity sha512-SiPv/8VpZuWbvLSMtTDU8hEfrZWg/mH/nV/b4o0CYbSxu1UIQPLdwKOCIyLQX+VIPO5vrLX3i8qtqFyhdPSUSQ==
    dependencies:
      bignumber.js "^9.0.0"
  
  json-parse-better-errors@^1.0.1:
    version "1.0.2"
    resolved "https://registry.yarnpkg.com/json-parse-better-errors/-/json-parse-better-errors-1.0.2.tgz#bb867cfb3450e69107c131d1c514bab3dc8bcaa9"
    integrity sha512-mrqyZKfX5EhL7hvqcV6WG1yYjnjeuYDzDhhcAAUrq8Po85NBQBJP+ZDUT75qZQ98IkUoBqdkExkukOU7Ts2wrw==
  
  json-parse-even-better-errors@^2.3.0:
    version "2.3.1"
    resolved "https://registry.yarnpkg.com/json-parse-even-better-errors/-/json-parse-even-better-errors-2.3.1.tgz#7c47805a94319928e05777405dc12e1f7a4ee02d"
    integrity sha512-xyFwyhro/JEof6Ghe2iz2NcXoj2sloNsWr/XsERDK/oiPCfaNhl5ONfp+jQdAZRQQ0IJWNzH9zIZF7li91kh2w==
  
  json-schema-traverse@^0.4.1:
    version "0.4.1"
    resolved "https://registry.yarnpkg.com/json-schema-traverse/-/json-schema-traverse-0.4.1.tgz#69f6a87d9513ab8bb8fe63bdb0979c448e684660"
    integrity sha512-xbbCH5dCYU5T8LcEhhuh7HJ88HXuW3qsI3Y0zOZFKfZEHcpWiHU/Jxzk629Brsab/mMiHQti9wMP+845RPe3Vg==
  
  json-schema@0.4.0:
    version "0.4.0"
    resolved "https://registry.yarnpkg.com/json-schema/-/json-schema-0.4.0.tgz#f7de4cf6efab838ebaeb3236474cbba5a1930ab5"
    integrity sha512-es94M3nTIfsEPisRafak+HDLfHXnKBhV3vU5eqPcS3flIWqcxJWgXHXiey3YrpaNsanY5ei1VoYEbOzijuq9BA==
  
  json-stable-stringify-without-jsonify@^1.0.1:
    version "1.0.1"
    resolved "https://registry.yarnpkg.com/json-stable-stringify-without-jsonify/-/json-stable-stringify-without-jsonify-1.0.1.tgz#9db7b59496ad3f3cfef30a75142d2d930ad72651"
    integrity sha512-Bdboy+l7tA3OGW6FjyFHWkP5LuByj1Tk33Ljyq0axyzdk9//JSi2u3fP1QSmd1KNwq6VOKYGlAu87CisVir6Pw==
  
  json-stringify-safe@~5.0.1:
    version "5.0.1"
    resolved "https://registry.yarnpkg.com/json-stringify-safe/-/json-stringify-safe-5.0.1.tgz#1296a2d58fd45f19a0f6ce01d65701e2c735b6eb"
    integrity sha512-ZClg6AaYvamvYEE82d3Iyd3vSSIjQ+odgjaTzRuO3s7toCdFKczob2i0zCh7JE8kWn17yvAWhUVxvqGwUalsRA==
  
  jsonc-parser@^3.0.0:
    version "3.2.0"
    resolved "https://registry.yarnpkg.com/jsonc-parser/-/jsonc-parser-3.2.0.tgz#31ff3f4c2b9793f89c67212627c51c6394f88e76"
    integrity sha512-gfFQZrcTc8CnKXp6Y4/CBT3fTc0OVuDofpre4aEeEpSBPV5X5v4+Vmx+8snU7RLPrNHPKSgLxGo9YuQzz20o+w==
  
  jsonfile@^6.0.1:
    version "6.1.0"
    resolved "https://registry.yarnpkg.com/jsonfile/-/jsonfile-6.1.0.tgz#bc55b2634793c679ec6403094eb13698a6ec0aae"
    integrity sha512-5dgndWOriYSm5cnYaJNhalLNDKOqFwyDB/rr1E9ZsGciGvKPs8R2xYGCacuf3z6K1YKDz182fd+fY3cn3pMqXQ==
    dependencies:
      universalify "^2.0.0"
    optionalDependencies:
      graceful-fs "^4.1.6"
  
  jsprim@^1.2.2:
    version "1.4.2"
    resolved "https://registry.yarnpkg.com/jsprim/-/jsprim-1.4.2.tgz#712c65533a15c878ba59e9ed5f0e26d5b77c5feb"
    integrity sha512-P2bSOMAc/ciLz6DzgjVlGJP9+BrJWu5UDGK70C2iweC5QBIeFf0ZXRvGjEj2uYgrY2MkAAhsSWHDWlFtEroZWw==
    dependencies:
      assert-plus "1.0.0"
      extsprintf "1.3.0"
      json-schema "0.4.0"
      verror "1.10.0"
  
  jwa@^2.0.0:
    version "2.0.0"
    resolved "https://registry.yarnpkg.com/jwa/-/jwa-2.0.0.tgz#a7e9c3f29dae94027ebcaf49975c9345593410fc"
    integrity sha512-jrZ2Qx916EA+fq9cEAeCROWPTfCwi1IVHqT2tapuqLEVVDKFDENFw1oL+MwrTvH6msKxsd1YTDVw6uKEcsrLEA==
    dependencies:
      buffer-equal-constant-time "1.0.1"
      ecdsa-sig-formatter "1.0.11"
      safe-buffer "^5.0.1"
  
  jws@^4.0.0:
    version "4.0.0"
    resolved "https://registry.yarnpkg.com/jws/-/jws-4.0.0.tgz#2d4e8cf6a318ffaa12615e9dec7e86e6c97310f4"
    integrity sha512-KDncfTmOZoOMTFG4mBlG0qUIOlc03fmzH+ru6RgYVZhPkyiy/92Owlt/8UEN+a4TXR1FQetfIpJE8ApdvdVxTg==
    dependencies:
      jwa "^2.0.0"
      safe-buffer "^5.0.1"
  
  kind-of@^6.0.3:
    version "6.0.3"
    resolved "https://registry.yarnpkg.com/kind-of/-/kind-of-6.0.3.tgz#07c05034a6c349fa06e24fa35aa76db4580ce4dd"
    integrity sha512-dcS1ul+9tmeD95T+x28/ehLgd9mENa3LsvDTtzm3vyBEO7RPptvAD+t44WVXaUjTBRcrpFeFlC8WCruUR456hw==
  
  klaw@^3.0.0:
    version "3.0.0"
    resolved "https://registry.yarnpkg.com/klaw/-/klaw-3.0.0.tgz#b11bec9cf2492f06756d6e809ab73a2910259146"
    integrity sha512-0Fo5oir+O9jnXu5EefYbVK+mHMBeEVEy2cmctR1O1NECcCkPRreJKrS6Qt/j3KC2C148Dfo9i3pCmCMsdqGr0g==
    dependencies:
      graceful-fs "^4.1.9"
  
  kleur@^3.0.3:
    version "3.0.3"
    resolved "https://registry.yarnpkg.com/kleur/-/kleur-3.0.3.tgz#a79c9ecc86ee1ce3fa6206d1216c501f147fc07e"
    integrity sha512-eTIzlVOSUR+JxdDFepEYcBMtZ9Qqdef+rnzWdRZuMbOywu5tO2w2N7rqjoANZ5k9vywhL6Br1VRjUIgTQx4E8w==
  
  kleur@^4.1.4:
    version "4.1.5"
    resolved "https://registry.yarnpkg.com/kleur/-/kleur-4.1.5.tgz#95106101795f7050c6c650f350c683febddb1780"
    integrity sha512-o+NO+8WrRiQEE4/7nwRJhN1HWpVmJm511pBHUxPLtp0BUISzlBplORYSmTclCnJvQq2tKu/sgl3xVpkc7ZWuQQ==
  
  levn@^0.4.1:
    version "0.4.1"
    resolved "https://registry.yarnpkg.com/levn/-/levn-0.4.1.tgz#ae4562c007473b932a6200d403268dd2fffc6ade"
    integrity sha512-+bT2uH4E5LGE7h/n3evcS/sQlJXCpIp6ym8OWJ5eV6+67Dsql/LaaT7qJBAt2rzfoa/5QBGBhxDix1dMt2kQKQ==
    dependencies:
      prelude-ls "^1.2.1"
      type-check "~0.4.0"
  
  levn@~0.3.0:
    version "0.3.0"
    resolved "https://registry.yarnpkg.com/levn/-/levn-0.3.0.tgz#3b09924edf9f083c0490fdd4c0bc4421e04764ee"
    integrity sha512-0OO4y2iOHix2W6ujICbKIaEQXvFQHue65vUG3pb5EUomzPI90z9hsA1VsO/dbIIpC53J8gxM9Q4Oho0jrCM/yA==
    dependencies:
      prelude-ls "~1.1.2"
      type-check "~0.3.2"
  
  libphonenumber-js@^1.9.43:
    version "1.10.14"
    resolved "https://registry.yarnpkg.com/libphonenumber-js/-/libphonenumber-js-1.10.14.tgz#e29da7f539751f724ac54017a098e3c7ca23de94"
    integrity sha512-McGS7GV/WjJ2KjfOGhJU1oJn29RYeo7Q+RpANRbUNMQ9gj5XArpbjurSuyYPTejFwbaUojstQ4XyWCrAzGOUXw==
  
  lilconfig@^2.0.5:
    version "2.0.6"
    resolved "https://registry.yarnpkg.com/lilconfig/-/lilconfig-2.0.6.tgz#32a384558bd58af3d4c6e077dd1ad1d397bc69d4"
    integrity sha512-9JROoBW7pobfsx+Sq2JsASvCo6Pfo6WWoUW79HuB1BCoBXD4PLWJPqDF6fNj67pqBYTbAHkE57M1kS/+L1neOg==
  
  lines-and-columns@^1.1.6:
    version "1.2.4"
    resolved "https://registry.yarnpkg.com/lines-and-columns/-/lines-and-columns-1.2.4.tgz#eca284f75d2965079309dc0ad9255abb2ebc1632"
    integrity sha512-7ylylesZQ/PV29jhEDl3Ufjo6ZX7gCqJr5F7PKrqc93v7fzSymt1BpwEU8nAUXs8qzzvqhbjhK5QZg6Mt/HkBg==
  
  linkify-it@^3.0.1:
    version "3.0.3"
    resolved "https://registry.yarnpkg.com/linkify-it/-/linkify-it-3.0.3.tgz#a98baf44ce45a550efb4d49c769d07524cc2fa2e"
    integrity sha512-ynTsyrFSdE5oZ/O9GEf00kPngmOfVwazR5GKDq6EYfhlpFug3J2zybX56a2PRRpc9P+FuSoGNAwjlbDs9jJBPQ==
    dependencies:
      uc.micro "^1.0.1"
  
  linkify-it@^4.0.1:
    version "4.0.1"
    resolved "https://registry.yarnpkg.com/linkify-it/-/linkify-it-4.0.1.tgz#01f1d5e508190d06669982ba31a7d9f56a5751ec"
    integrity sha512-C7bfi1UZmoj8+PQx22XyeXCuBlokoyWQL5pWSP+EI6nzRylyThouddufc2c1NDIcP9k5agmN9fLpA7VNJfIiqw==
    dependencies:
      uc.micro "^1.0.1"
  
  livereload-js@^3.3.1:
    version "3.4.1"
    resolved "https://registry.yarnpkg.com/livereload-js/-/livereload-js-3.4.1.tgz#ba90fbc708ed1b9a024bb89c4ee12c96ea03d66f"
    integrity sha512-5MP0uUeVCec89ZbNOT/i97Mc+q3SxXmiUGhRFOTmhrGPn//uWVQdCvcLJDy64MSBR5MidFdOR7B9viumoavy6g==
  
  livereload@^0.9.1:
    version "0.9.3"
    resolved "https://registry.yarnpkg.com/livereload/-/livereload-0.9.3.tgz#a714816375ed52471408bede8b49b2ee6a0c55b1"
    integrity sha512-q7Z71n3i4X0R9xthAryBdNGVGAO2R5X+/xXpmKeuPMrteg+W2U8VusTKV3YiJbXZwKsOlFlHe+go6uSNjfxrZw==
    dependencies:
      chokidar "^3.5.0"
      livereload-js "^3.3.1"
      opts ">= 1.2.0"
      ws "^7.4.3"
  
  load-json-file@^4.0.0:
    version "4.0.0"
    resolved "https://registry.yarnpkg.com/load-json-file/-/load-json-file-4.0.0.tgz#2f5f45ab91e33216234fd53adab668eb4ec0993b"
    integrity sha512-Kx8hMakjX03tiGTLAIdJ+lL0htKnXjEZN6hk/tozf/WOuYGdZBJrZ+rCJRbVCugsjB3jMLn9746NsQIf5VjBMw==
    dependencies:
      graceful-fs "^4.1.2"
      parse-json "^4.0.0"
      pify "^3.0.0"
      strip-bom "^3.0.0"
  
  local-access@^1.0.1:
    version "1.1.0"
    resolved "https://registry.yarnpkg.com/local-access/-/local-access-1.1.0.tgz#e007c76ba2ca83d5877ba1a125fc8dfe23ba4798"
    integrity sha512-XfegD5pyTAfb+GY6chk283Ox5z8WexG56OvM06RWLpAc/UHozO8X6xAxEkIitZOtsSMM1Yr3DkHgW5W+onLhCw==
  
  locate-path@^5.0.0:
    version "5.0.0"
    resolved "https://registry.yarnpkg.com/locate-path/-/locate-path-5.0.0.tgz#1afba396afd676a6d42504d0a67a3a7eb9f62aa0"
    integrity sha512-t7hw9pI+WvuwNJXwk5zVHpyhIqzg2qTlklJOf0mVxGSbe3Fp2VieZcduNYjaLDoy6p9uGpQEGWG87WpMKlNq8g==
    dependencies:
      p-locate "^4.1.0"
  
  locate-path@^6.0.0:
    version "6.0.0"
    resolved "https://registry.yarnpkg.com/locate-path/-/locate-path-6.0.0.tgz#55321eb309febbc59c4801d931a72452a681d286"
    integrity sha512-iPZK6eYjbxRu3uB4/WZ3EsEIMJFMqAoopl3R+zuq0UjcAm/MO6KCweDgPfP3elTztoKP3KtnVHxTn2NHBSDVUw==
    dependencies:
      p-locate "^5.0.0"
  
  lodash.merge@^4.6.2:
    version "4.6.2"
    resolved "https://registry.yarnpkg.com/lodash.merge/-/lodash.merge-4.6.2.tgz#558aa53b43b661e1925a0afdfa36a9a1085fe57a"
    integrity sha512-0KpjqXRVvrYyCsX1swR/XTK0va6VQkQM6MNo7PqW77ByjAhoARA8EfrP1N4+KlKj8YS0ZUCtRT/YUuhyYDujIQ==
  
  lodash@^4.17.11, lodash@^4.17.14, lodash@^4.17.15, lodash@^4.17.21:
    version "4.17.21"
    resolved "https://registry.yarnpkg.com/lodash/-/lodash-4.17.21.tgz#679591c564c3bffaae8454cf0b3df370c3d6911c"
    integrity sha512-v2kDEe57lecTulaDIuNTPy3Ry4gLGJ6Z1O3vE1krgXZNrsQ+LFTGHVxVjcXPs17LhbZVGedAJv8XZ1tvj5FvSg==
  
  lower-case@^2.0.2:
    version "2.0.2"
    resolved "https://registry.yarnpkg.com/lower-case/-/lower-case-2.0.2.tgz#6fa237c63dbdc4a82ca0fd882e4722dc5e634e28"
    integrity sha512-7fm3l3NAF9WfN6W3JOmf5drwpVqX78JtoGJ3A6W0a6ZnldM41w2fV5D490psKFTpMds8TJse/eHLFFsNHHjHgg==
    dependencies:
      tslib "^2.0.3"
  
  lru-cache@^6.0.0:
    version "6.0.0"
    resolved "https://registry.yarnpkg.com/lru-cache/-/lru-cache-6.0.0.tgz#6d6fe6570ebd96aaf90fcad1dafa3b2566db3a94"
    integrity sha512-Jo6dJ04CmSjuznwJSS3pUeWmd/H0ffTlkXXgwZi+eq1UCmqQwCh+eLsYOYCwY991i2Fah4h1BEMCx4qThGbsiA==
    dependencies:
      yallist "^4.0.0"
  
  lunr@^2.3.9:
    version "2.3.9"
    resolved "https://registry.yarnpkg.com/lunr/-/lunr-2.3.9.tgz#18b123142832337dd6e964df1a5a7707b25d35e1"
    integrity sha512-zTU3DaZaF3Rt9rhN3uBMGQD3dD2/vFQqnvZCDv4dl5iOzq2IZQqTxu90r4E5J+nP70J3ilqVCrbho2eWaeW8Ow==
  
  luxon@^3.0.4:
    version "3.0.4"
    resolved "https://registry.yarnpkg.com/luxon/-/luxon-3.0.4.tgz#d179e4e9f05e092241e7044f64aaa54796b03929"
    integrity sha512-aV48rGUwP/Vydn8HT+5cdr26YYQiUZ42NM6ToMoaGKwYfWbfLeRkEu1wXWMHBZT6+KyLfcbbtVcoQFCbbPjKlw==
  
  magic-string@^0.25.7:
    version "0.25.9"
    resolved "https://registry.yarnpkg.com/magic-string/-/magic-string-0.25.9.tgz#de7f9faf91ef8a1c91d02c2e5314c8277dbcdd1c"
    integrity sha512-RmF0AsMzgt25qzqqLc1+MbHmhdx0ojF2Fvs4XnOqz2ZOBXzzkEwc/dJQZCYHAn7v1jbVOjAZfK8msRn4BxO4VQ==
    dependencies:
      sourcemap-codec "^1.4.8"
  
  magic-string@^0.26.4:
    version "0.26.7"
    resolved "https://registry.yarnpkg.com/magic-string/-/magic-string-0.26.7.tgz#caf7daf61b34e9982f8228c4527474dac8981d6f"
    integrity sha512-hX9XH3ziStPoPhJxLq1syWuZMxbDvGNbVchfrdCtanC7D13888bMFow61x8axrx+GfHLtVeAx2kxL7tTGRl+Ow==
    dependencies:
      sourcemap-codec "^1.4.8"
  
  make-fetch-happen@^9.1.0:
    version "9.1.0"
    resolved "https://registry.yarnpkg.com/make-fetch-happen/-/make-fetch-happen-9.1.0.tgz#53085a09e7971433e6765f7971bf63f4e05cb968"
    integrity sha512-+zopwDy7DNknmwPQplem5lAZX/eCOzSvSNNcSKm5eVwTkOBzoktEfXsa9L23J/GIRhxRsaxzkPEhrJEpE2F4Gg==
    dependencies:
      agentkeepalive "^4.1.3"
      cacache "^15.2.0"
      http-cache-semantics "^4.1.0"
      http-proxy-agent "^4.0.1"
      https-proxy-agent "^5.0.0"
      is-lambda "^1.0.1"
      lru-cache "^6.0.0"
      minipass "^3.1.3"
      minipass-collect "^1.0.2"
      minipass-fetch "^1.3.2"
      minipass-flush "^1.0.5"
      minipass-pipeline "^1.2.4"
      negotiator "^0.6.2"
      promise-retry "^2.0.1"
      socks-proxy-agent "^6.0.0"
      ssri "^8.0.0"
  
  map-obj@^1.0.0:
    version "1.0.1"
    resolved "https://registry.yarnpkg.com/map-obj/-/map-obj-1.0.1.tgz#d933ceb9205d82bdcf4886f6742bdc2b4dea146d"
    integrity sha512-7N/q3lyZ+LVCp7PzuxrJr4KMbBE2hW7BT7YNia330OFxIf4d3r5zVpicP2650l7CPN6RM9zOJRl3NGpqSiw3Eg==
  
  map-obj@^4.0.0:
    version "4.3.0"
    resolved "https://registry.yarnpkg.com/map-obj/-/map-obj-4.3.0.tgz#9304f906e93faae70880da102a9f1df0ea8bb05a"
    integrity sha512-hdN1wVrZbb29eBGiGjJbeP8JbKjq1urkHJ/LIP/NY48MZ1QVXUsQBV1G1zvYFHn1XE06cwjBsOI2K3Ulnj1YXQ==
  
  markdown-it-anchor@^8.4.1:
    version "8.6.5"
    resolved "https://registry.yarnpkg.com/markdown-it-anchor/-/markdown-it-anchor-8.6.5.tgz#30c4bc5bbff327f15ce3c429010ec7ba75e7b5f8"
    integrity sha512-PI1qEHHkTNWT+X6Ip9w+paonfIQ+QZP9sCeMYi47oqhH+EsW8CrJ8J7CzV19QVOj6il8ATGbK2nTECj22ZHGvQ==
  
  markdown-it@^12.3.2:
    version "12.3.2"
    resolved "https://registry.yarnpkg.com/markdown-it/-/markdown-it-12.3.2.tgz#bf92ac92283fe983fe4de8ff8abfb5ad72cd0c90"
    integrity sha512-TchMembfxfNVpHkbtriWltGWc+m3xszaRD0CZup7GFFhzIgQqxIfn3eGj1yZpfuflzPvfkt611B2Q/Bsk1YnGg==
    dependencies:
      argparse "^2.0.1"
      entities "~2.1.0"
      linkify-it "^3.0.1"
      mdurl "^1.0.1"
      uc.micro "^1.0.5"
  
  marked@^4.0.10, marked@^4.0.19:
    version "4.1.1"
    resolved "https://registry.yarnpkg.com/marked/-/marked-4.1.1.tgz#2f709a4462abf65a283f2453dc1c42ab177d302e"
    integrity sha512-0cNMnTcUJPxbA6uWmCmjWz4NJRe/0Xfk2NhXCUHjew9qJzFN20krFnsUe7QynwqOwa5m1fZ4UDg0ycKFVC0ccw==
  
  md5@2.3.0:
    version "2.3.0"
    resolved "https://registry.yarnpkg.com/md5/-/md5-2.3.0.tgz#c3da9a6aae3a30b46b7b0c349b87b110dc3bda4f"
    integrity sha512-T1GITYmFaKuO91vxyoQMFETst+O71VUPEU3ze5GNzDm0OWdP8v1ziTaAEPUr/3kLsY3Sftgz242A1SetQiDL7g==
    dependencies:
      charenc "0.0.2"
      crypt "0.0.2"
      is-buffer "~1.1.6"
  
  mdurl@^1.0.1:
    version "1.0.1"
    resolved "https://registry.yarnpkg.com/mdurl/-/mdurl-1.0.1.tgz#fe85b2ec75a59037f2adfec100fd6c601761152e"
    integrity sha512-/sKlQJCBYVY9Ers9hqzKou4H6V5UWc/M59TH2dvkt+84itfnq7uFOMLpOiOS4ujvHP4etln18fmIxA5R5fll0g==
  
  memorystream@^0.3.1:
    version "0.3.1"
    resolved "https://registry.yarnpkg.com/memorystream/-/memorystream-0.3.1.tgz#86d7090b30ce455d63fbae12dda51a47ddcaf9b2"
    integrity sha512-S3UwM3yj5mtUSEfP41UZmt/0SCoVYUcU1rkXv+BQ5Ig8ndL4sPoJNBUJERafdPb5jjHJGuMgytgKvKIf58XNBw==
  
  meow@^9.0.0:
    version "9.0.0"
    resolved "https://registry.yarnpkg.com/meow/-/meow-9.0.0.tgz#cd9510bc5cac9dee7d03c73ee1f9ad959f4ea364"
    integrity sha512-+obSblOQmRhcyBt62furQqRAQpNyWXo8BuQ5bN7dG8wmwQ+vwHKp/rCFD4CrTP8CsDQD1sjoZ94K417XEUk8IQ==
    dependencies:
      "@types/minimist" "^1.2.0"
      camelcase-keys "^6.2.2"
      decamelize "^1.2.0"
      decamelize-keys "^1.1.0"
      hard-rejection "^2.1.0"
      minimist-options "4.1.0"
      normalize-package-data "^3.0.0"
      read-pkg-up "^7.0.1"
      redent "^3.0.0"
      trim-newlines "^3.0.0"
      type-fest "^0.18.0"
      yargs-parser "^20.2.3"
  
  merge-stream@^2.0.0:
    version "2.0.0"
    resolved "https://registry.yarnpkg.com/merge-stream/-/merge-stream-2.0.0.tgz#52823629a14dd00c9770fb6ad47dc6310f2c1f60"
    integrity sha512-abv/qOcuPfk3URPfDzmZU1LKmuw8kT+0nIHvKrKgFrwifol/doWcdA4ZqsWQ8ENrFKkd67Mfpo/LovbIUsbt3w==
  
  merge2@^1.3.0, merge2@^1.4.1:
    version "1.4.1"
    resolved "https://registry.yarnpkg.com/merge2/-/merge2-1.4.1.tgz#4368892f885e907455a6fd7dc55c0c9d404990ae"
    integrity sha512-8q7VEgMJW4J8tcfVPy8g09NcQwZdbwFEqhe/WZkoIzjn/3TGDwtOCYtXGxA3O8tPzpczCCDgv+P2P5y00ZJOOg==
  
  micromatch@^4.0.4:
    version "4.0.5"
    resolved "https://registry.yarnpkg.com/micromatch/-/micromatch-4.0.5.tgz#bc8999a7cbbf77cdc89f132f6e467051b49090c6"
    integrity sha512-DMy+ERcEW2q8Z2Po+WNXuw3c5YaUSFjAO5GsJqfEl7UjvtIuFKO6ZrKvcItdy98dwFI2N1tg3zNIdKaQT+aNdA==
    dependencies:
      braces "^3.0.2"
      picomatch "^2.3.1"
  
  mime-db@1.52.0:
    version "1.52.0"
    resolved "https://registry.yarnpkg.com/mime-db/-/mime-db-1.52.0.tgz#bbabcdc02859f4987301c856e3387ce5ec43bf70"
    integrity sha512-sPU4uV7dYlvtWJxwwxHD0PuihVNiE7TyAbQ5SWxDCB9mUYvOgroQOwYQQOKPJ8CIbE+1ETVlOoK1UC2nU3gYvg==
  
  mime-types@^2.1.12, mime-types@~2.1.19:
    version "2.1.35"
    resolved "https://registry.yarnpkg.com/mime-types/-/mime-types-2.1.35.tgz#381a871b62a734450660ae3deee44813f70d959a"
    integrity sha512-ZDY+bPm5zTTF+YpCrAU9nK0UgICYPT0QtT1NZWFv4s++TNkcgVaT0g6+4R2uI4MjQjzysHB1zxuWL50hzaeXiw==
    dependencies:
      mime-db "1.52.0"
  
  min-indent@^1.0.0:
    version "1.0.1"
    resolved "https://registry.yarnpkg.com/min-indent/-/min-indent-1.0.1.tgz#a63f681673b30571fbe8bc25686ae746eefa9869"
    integrity sha512-I9jwMn07Sy/IwOj3zVkVik2JTvgpaykDZEigL6Rx6N9LbMywwUSMtxET+7lVoDLLd3O3IXwJwvuuns8UB/HeAg==
  
  minimatch@^3.0.4, minimatch@^3.1.1, minimatch@^3.1.2:
    version "3.1.2"
    resolved "https://registry.yarnpkg.com/minimatch/-/minimatch-3.1.2.tgz#19cd194bfd3e428f049a70817c038d89ab4be35b"
    integrity sha512-J7p63hRiAjw1NDEww1W7i37+ByIrOWO5XQQAzZ3VOcL0PNybwpfmV/N05zFAzwQ9USyEcX6t3UO+K5aqBQOIHw==
    dependencies:
      brace-expansion "^1.1.7"
  
  minimatch@^5.0.1, minimatch@^5.1.0:
    version "5.1.0"
    resolved "https://registry.yarnpkg.com/minimatch/-/minimatch-5.1.0.tgz#1717b464f4971b144f6aabe8f2d0b8e4511e09c7"
    integrity sha512-9TPBGGak4nHfGZsPBohm9AWg6NoT7QTCehS3BIJABslyZbzxfV78QM2Y6+i741OPZIafFAaiiEMh5OyIrJPgtg==
    dependencies:
      brace-expansion "^2.0.1"
  
  minimatch@~3.0.2:
    version "3.0.8"
    resolved "https://registry.yarnpkg.com/minimatch/-/minimatch-3.0.8.tgz#5e6a59bd11e2ab0de1cfb843eb2d82e546c321c1"
    integrity sha512-6FsRAQsxQ61mw+qP1ZzbL9Bc78x2p5OqNgNpnoAFLTrX8n5Kxph0CsnhmKKNXTWjXqU5L0pGPR7hYk+XWZr60Q==
    dependencies:
      brace-expansion "^1.1.7"
  
  minimist-options@4.1.0:
    version "4.1.0"
    resolved "https://registry.yarnpkg.com/minimist-options/-/minimist-options-4.1.0.tgz#c0655713c53a8a2ebd77ffa247d342c40f010619"
    integrity sha512-Q4r8ghd80yhO/0j1O3B2BjweX3fiHg9cdOwjJd2J76Q135c+NDxGCqdYKQ1SKBuFfgWbAUzBfvYjPUEeNgqN1A==
    dependencies:
      arrify "^1.0.1"
      is-plain-obj "^1.1.0"
      kind-of "^6.0.3"
  
  minimist@^1.2.0, minimist@^1.2.6:
    version "1.2.7"
    resolved "https://registry.yarnpkg.com/minimist/-/minimist-1.2.7.tgz#daa1c4d91f507390437c6a8bc01078e7000c4d18"
    integrity sha512-bzfL1YUZsP41gmu/qjrEk0Q6i2ix/cVeAhbCbqH9u3zYutS1cLg00qhrD0M2MVdCcx4Sc0UpP2eBWo9rotpq6g==
  
  minipass-collect@^1.0.2:
    version "1.0.2"
    resolved "https://registry.yarnpkg.com/minipass-collect/-/minipass-collect-1.0.2.tgz#22b813bf745dc6edba2576b940022ad6edc8c617"
    integrity sha512-6T6lH0H8OG9kITm/Jm6tdooIbogG9e0tLgpY6mphXSm/A9u8Nq1ryBG+Qspiub9LjWlBPsPS3tWQ/Botq4FdxA==
    dependencies:
      minipass "^3.0.0"
  
  minipass-fetch@^1.3.2:
    version "1.4.1"
    resolved "https://registry.yarnpkg.com/minipass-fetch/-/minipass-fetch-1.4.1.tgz#d75e0091daac1b0ffd7e9d41629faff7d0c1f1b6"
    integrity sha512-CGH1eblLq26Y15+Azk7ey4xh0J/XfJfrCox5LDJiKqI2Q2iwOLOKrlmIaODiSQS8d18jalF6y2K2ePUm0CmShw==
    dependencies:
      minipass "^3.1.0"
      minipass-sized "^1.0.3"
      minizlib "^2.0.0"
    optionalDependencies:
      encoding "^0.1.12"
  
  minipass-flush@^1.0.5:
    version "1.0.5"
    resolved "https://registry.yarnpkg.com/minipass-flush/-/minipass-flush-1.0.5.tgz#82e7135d7e89a50ffe64610a787953c4c4cbb373"
    integrity sha512-JmQSYYpPUqX5Jyn1mXaRwOda1uQ8HP5KAT/oDSLCzt1BYRhQU0/hDtsB1ufZfEEzMZ9aAVmsBw8+FWsIXlClWw==
    dependencies:
      minipass "^3.0.0"
  
  minipass-pipeline@^1.2.2, minipass-pipeline@^1.2.4:
    version "1.2.4"
    resolved "https://registry.yarnpkg.com/minipass-pipeline/-/minipass-pipeline-1.2.4.tgz#68472f79711c084657c067c5c6ad93cddea8214c"
    integrity sha512-xuIq7cIOt09RPRJ19gdi4b+RiNvDFYe5JH+ggNvBqGqpQXcru3PcRmOZuHBKWK1Txf9+cQ+HMVN4d6z46LZP7A==
    dependencies:
      minipass "^3.0.0"
  
  minipass-sized@^1.0.3:
    version "1.0.3"
    resolved "https://registry.yarnpkg.com/minipass-sized/-/minipass-sized-1.0.3.tgz#70ee5a7c5052070afacfbc22977ea79def353b70"
    integrity sha512-MbkQQ2CTiBMlA2Dm/5cY+9SWFEN8pzzOXi6rlM5Xxq0Yqbda5ZQy9sU75a673FE9ZK0Zsbr6Y5iP6u9nktfg2g==
    dependencies:
      minipass "^3.0.0"
  
  minipass@^3.0.0, minipass@^3.1.0, minipass@^3.1.1, minipass@^3.1.3:
    version "3.3.4"
    resolved "https://registry.yarnpkg.com/minipass/-/minipass-3.3.4.tgz#ca99f95dd77c43c7a76bf51e6d200025eee0ffae"
    integrity sha512-I9WPbWHCGu8W+6k1ZiGpPu0GkoKBeorkfKNuAFBNS1HNFJvke82sxvI5bzcCNpWPorkOO5QQ+zomzzwRxejXiw==
    dependencies:
      yallist "^4.0.0"
  
  minizlib@^2.0.0, minizlib@^2.1.1:
    version "2.1.2"
    resolved "https://registry.yarnpkg.com/minizlib/-/minizlib-2.1.2.tgz#e90d3466ba209b932451508a11ce3d3632145931"
    integrity sha512-bAxsR8BVfj60DWXHE3u30oHzfl4G7khkSuPW+qvpd7jFRHm7dLxOjUk1EHACJ/hxLY8phGJ0YhYHZo7jil7Qdg==
    dependencies:
      minipass "^3.0.0"
      yallist "^4.0.0"
  
  mkdirp@1.0.4, mkdirp@^1.0.3, mkdirp@^1.0.4:
    version "1.0.4"
    resolved "https://registry.yarnpkg.com/mkdirp/-/mkdirp-1.0.4.tgz#3eb5ed62622756d79a5f0e2a221dfebad75c2f7e"
    integrity sha512-vVqVZQyf3WLx2Shd0qJ9xuvqgAyKPLAiqITEtqW0oIUjzo3PePDd6fW9iFz30ef7Ysp/oiWqbhszeGWW2T6Gzw==
  
  mkdirp@^0.5.1:
    version "0.5.6"
    resolved "https://registry.yarnpkg.com/mkdirp/-/mkdirp-0.5.6.tgz#7def03d2432dcae4ba1d611445c48396062255f6"
    integrity sha512-FP+p8RB8OWpF3YZBCrP5gtADmtXApB5AMLn+vdyA+PyxCjrCs00mjyUozssO33cwDeT3wNGdLxJ5M//YqtHAJw==
    dependencies:
      minimist "^1.2.6"
  
  mri@^1.1.0:
    version "1.2.0"
    resolved "https://registry.yarnpkg.com/mri/-/mri-1.2.0.tgz#6721480fec2a11a4889861115a48b6cbe7cc8f0b"
    integrity sha512-tzzskb3bG8LvYGFF/mDTpq3jpI6Q9wc3LEmBaghu+DdCssd1FakN7Bc0hVNmEyGq1bq3RgfkCb3cmQLpNPOroA==
  
  mrmime@^1.0.0:
    version "1.0.1"
    resolved "https://registry.yarnpkg.com/mrmime/-/mrmime-1.0.1.tgz#5f90c825fad4bdd41dc914eff5d1a8cfdaf24f27"
    integrity sha512-hzzEagAgDyoU1Q6yg5uI+AorQgdvMCur3FcKf7NhMKWsaYg+RnbTyHRa/9IlLF9rf455MOCtcqqrQQ83pPP7Uw==
  
  ms@2.1.2:
    version "2.1.2"
    resolved "https://registry.yarnpkg.com/ms/-/ms-2.1.2.tgz#d09d1f357b443f493382a8eb3ccd183872ae6009"
    integrity sha512-sGkPx+VjMtmA6MX27oA4FBFELFCZZ4S4XqeGOXCv68tT+jb3vk/RyaKWP0PTKyWtmLSM0b+adUTEvbs1PEaH2w==
  
  ms@^2.0.0:
    version "2.1.3"
    resolved "https://registry.yarnpkg.com/ms/-/ms-2.1.3.tgz#574c8138ce1d2b5861f0b44579dbadd60c6615b2"
    integrity sha512-6FlzubTLZG3J2a/NVCAleEhjzq5oxgHyaCU9yYXvcLsvoVaHJq/s5xXI6/XXP6tz7R9xAOtHnSO/tXtF3WRTlA==
  
  multimatch@5.0.0:
    version "5.0.0"
    resolved "https://registry.yarnpkg.com/multimatch/-/multimatch-5.0.0.tgz#932b800963cea7a31a033328fa1e0c3a1874dbe6"
    integrity sha512-ypMKuglUrZUD99Tk2bUQ+xNQj43lPEfAeX2o9cTteAmShXy2VHDJpuwu1o0xqoKCt9jLVAvwyFKdLTPXKAfJyA==
    dependencies:
      "@types/minimatch" "^3.0.3"
      array-differ "^3.0.0"
      array-union "^2.1.0"
      arrify "^2.0.1"
      minimatch "^3.0.4"
  
  nan@^2.13.2:
    version "2.17.0"
    resolved "https://registry.yarnpkg.com/nan/-/nan-2.17.0.tgz#c0150a2368a182f033e9aa5195ec76ea41a199cb"
    integrity sha512-2ZTgtl0nJsO0KQCjEpxcIr5D+Yv90plTitZt9JBfQvVJDS5seMl3FOvsh3+9CoYWXf/1l5OaZzzF6nDm4cagaQ==
  
  nanoid@^3.3.4:
    version "3.3.4"
    resolved "https://registry.yarnpkg.com/nanoid/-/nanoid-3.3.4.tgz#730b67e3cd09e2deacf03c027c81c9d9dbc5e8ab"
    integrity sha512-MqBkQh/OHTS2egovRtLk45wEyNXwF+cokD+1YPf9u5VfJiRdAiRwB2froX5Co9Rh20xs4siNPm8naNotSD6RBw==
  
  native-run@^1.6.0:
    version "1.7.1"
    resolved "https://registry.yarnpkg.com/native-run/-/native-run-1.7.1.tgz#17c0cca42cc5a03aed5c485b72201b5a7eda5de7"
    integrity sha512-70ZneVVcOL1ifqw7SG5O2AJYIHEBSX5C25ShwwKCcdMcgbZ+MzvAc2fjHzfekcPYtInHqcJQOki6NXj9f6LgOg==
    dependencies:
      "@ionic/utils-fs" "^3.1.6"
      "@ionic/utils-terminal" "^2.3.3"
      bplist-parser "^0.3.2"
      debug "^4.3.4"
      elementtree "^0.1.7"
      ini "^3.0.1"
      plist "^3.0.6"
      split2 "^4.1.0"
      through2 "^4.0.2"
      tslib "^2.4.0"
      yauzl "^2.10.0"
  
  natural-compare@^1.4.0:
    version "1.4.0"
    resolved "https://registry.yarnpkg.com/natural-compare/-/natural-compare-1.4.0.tgz#4abebfeed7541f2c27acfb29bdbbd15c8d5ba4f7"
    integrity sha512-OWND8ei3VtNC9h7V60qff3SVobHr996CTwgxubgyQYEpg290h9J0buyECNNJexkFm5sOajh5G116RYA1c8ZMSw==
  
  negotiator@^0.6.2:
    version "0.6.3"
    resolved "https://registry.yarnpkg.com/negotiator/-/negotiator-0.6.3.tgz#58e323a72fedc0d6f9cd4d31fe49f51479590ccd"
    integrity sha512-+EUsqGPLsM+j/zdChZjsnX51g4XrHFOIXwfnCVPGlQk/k5giakcKsuxCObBRu6DSm9opw/O6slWbJdghQM4bBg==
  
  nice-try@^1.0.4:
    version "1.0.5"
    resolved "https://registry.yarnpkg.com/nice-try/-/nice-try-1.0.5.tgz#a3378a7696ce7d223e88fc9b764bd7ef1089e366"
    integrity sha512-1nh45deeb5olNY7eX82BkPO7SSxR5SSYJiPTrTdFUVYwAl8CKMA5N9PjTYkHiRjisVcxcQ1HXdLhx2qxxJzLNQ==
  
  no-case@^3.0.4:
    version "3.0.4"
    resolved "https://registry.yarnpkg.com/no-case/-/no-case-3.0.4.tgz#d361fd5c9800f558551a8369fc0dcd4662b6124d"
    integrity sha512-fgAN3jGAh+RoxUGZHTSOLJIqUc2wmoBwGR4tbpNAKmmovFoWq0OdRkb0VkldReO2a2iBT/OEulG9XSUc10r3zg==
    dependencies:
      lower-case "^2.0.2"
      tslib "^2.0.3"
  
  node-fetch@^2.6.7:
    version "2.6.7"
    resolved "https://registry.yarnpkg.com/node-fetch/-/node-fetch-2.6.7.tgz#24de9fba827e3b4ae44dc8b20256a379160052ad"
    integrity sha512-ZjMPFEfVx5j+y2yF35Kzx5sF7kDzxuDj6ziH4FFbOp87zKDZNx8yExJIb05OGF4Nlt9IHFIMBkRl41VdvcNdbQ==
    dependencies:
      whatwg-url "^5.0.0"
  
  node-forge@^1.3.1:
    version "1.3.1"
    resolved "https://registry.yarnpkg.com/node-forge/-/node-forge-1.3.1.tgz#be8da2af243b2417d5f646a770663a92b7e9ded3"
    integrity sha512-dPEtOeMvF9VMcYV/1Wb8CPoVAXtp6MKMlcbAt4ddqmGqUJ6fQZFXkNZNkNlfevtNkGtaSoXf/vNNNSvgrdXwtA==
  
  node-gyp@^8.4.1:
    version "8.4.1"
    resolved "https://registry.yarnpkg.com/node-gyp/-/node-gyp-8.4.1.tgz#3d49308fc31f768180957d6b5746845fbd429937"
    integrity sha512-olTJRgUtAb/hOXG0E93wZDs5YiJlgbXxTwQAFHyNlRsXQnYzUaF2aGgujZbw+hR8aF4ZG/rST57bWMWD16jr9w==
    dependencies:
      env-paths "^2.2.0"
      glob "^7.1.4"
      graceful-fs "^4.2.6"
      make-fetch-happen "^9.1.0"
      nopt "^5.0.0"
      npmlog "^6.0.0"
      rimraf "^3.0.2"
      semver "^7.3.5"
      tar "^6.1.2"
      which "^2.0.2"
  
  node-sass@^7.0.3:
    version "7.0.3"
    resolved "https://registry.yarnpkg.com/node-sass/-/node-sass-7.0.3.tgz#7620bcd5559c2bf125c4fbb9087ba75cd2df2ab2"
    integrity sha512-8MIlsY/4dXUkJDYht9pIWBhMil3uHmE8b/AdJPjmFn1nBx9X9BASzfzmsCy0uCCb8eqI3SYYzVPDswWqSx7gjw==
    dependencies:
      async-foreach "^0.1.3"
      chalk "^4.1.2"
      cross-spawn "^7.0.3"
      gaze "^1.0.0"
      get-stdin "^4.0.1"
      glob "^7.0.3"
      lodash "^4.17.15"
      meow "^9.0.0"
      nan "^2.13.2"
      node-gyp "^8.4.1"
      npmlog "^5.0.0"
      request "^2.88.0"
      sass-graph "^4.0.1"
      stdout-stream "^1.4.0"
      "true-case-path" "^1.0.2"
  
  nopt@^5.0.0:
    version "5.0.0"
    resolved "https://registry.yarnpkg.com/nopt/-/nopt-5.0.0.tgz#530942bb58a512fccafe53fe210f13a25355dc88"
    integrity sha512-Tbj67rffqceeLpcRXrT7vKAN8CwfPeIBgM7E6iBkmKLV7bEMwpGgYLGv0jACUsECaa/vuxP0IjEont6umdMgtQ==
    dependencies:
      abbrev "1"
  
  normalize-package-data@^2.3.2, normalize-package-data@^2.5.0:
    version "2.5.0"
    resolved "https://registry.yarnpkg.com/normalize-package-data/-/normalize-package-data-2.5.0.tgz#e66db1838b200c1dfc233225d12cb36520e234a8"
    integrity sha512-/5CMN3T0R4XTj4DcGaexo+roZSdSFW/0AOOTROrjxzCG1wrWXEsGbRKevjlIL+ZDE4sZlJr5ED4YW0yqmkK+eA==
    dependencies:
      hosted-git-info "^2.1.4"
      resolve "^1.10.0"
      semver "2 || 3 || 4 || 5"
      validate-npm-package-license "^3.0.1"
  
  normalize-package-data@^3.0.0:
    version "3.0.3"
    resolved "https://registry.yarnpkg.com/normalize-package-data/-/normalize-package-data-3.0.3.tgz#dbcc3e2da59509a0983422884cd172eefdfa525e"
    integrity sha512-p2W1sgqij3zMMyRC067Dg16bfzVH+w7hyegmpIvZ4JNjqtGOVAIvLmjBx3yP7YTe9vKJgkoNOPjwQGogDoMXFA==
    dependencies:
      hosted-git-info "^4.0.1"
      is-core-module "^2.5.0"
      semver "^7.3.4"
      validate-npm-package-license "^3.0.1"
  
  normalize-path@^3.0.0, normalize-path@~3.0.0:
    version "3.0.0"
    resolved "https://registry.yarnpkg.com/normalize-path/-/normalize-path-3.0.0.tgz#0dcd69ff23a1c9b11fd0978316644a0388216a65"
    integrity sha512-6eZs5Ls3WtCisHWp9S2GUy8dqkpGi4BVSz3GaqiE6ezub0512ESztXUwUB6C6IKbQkY2Pnb/mD4WYojCRwcwLA==
  
  npm-run-all@^4.1.5:
    version "4.1.5"
    resolved "https://registry.yarnpkg.com/npm-run-all/-/npm-run-all-4.1.5.tgz#04476202a15ee0e2e214080861bff12a51d98fba"
    integrity sha512-Oo82gJDAVcaMdi3nuoKFavkIHBRVqQ1qvMb+9LHk/cF4P6B2m8aP04hGf7oL6wZ9BuGwX1onlLhpuoofSyoQDQ==
    dependencies:
      ansi-styles "^3.2.1"
      chalk "^2.4.1"
      cross-spawn "^6.0.5"
      memorystream "^0.3.1"
      minimatch "^3.0.4"
      pidtree "^0.3.0"
      read-pkg "^3.0.0"
      shell-quote "^1.6.1"
      string.prototype.padend "^3.0.0"
  
  npmlog@^5.0.0:
    version "5.0.1"
    resolved "https://registry.yarnpkg.com/npmlog/-/npmlog-5.0.1.tgz#f06678e80e29419ad67ab964e0fa69959c1eb8b0"
    integrity sha512-AqZtDUWOMKs1G/8lwylVjrdYgqA4d9nu8hc+0gzRxlDb1I10+FHBGMXs6aiQHFdCUUlqH99MUMuLfzWDNDtfxw==
    dependencies:
      are-we-there-yet "^2.0.0"
      console-control-strings "^1.1.0"
      gauge "^3.0.0"
      set-blocking "^2.0.0"
  
  npmlog@^6.0.0:
    version "6.0.2"
    resolved "https://registry.yarnpkg.com/npmlog/-/npmlog-6.0.2.tgz#c8166017a42f2dea92d6453168dd865186a70830"
    integrity sha512-/vBvz5Jfr9dT/aFWd0FIRf+T/Q2WBsLENygUaFUqstqsycmZAP/t5BvFJTK0viFmSUxiUKTUplWy5vt+rvKIxg==
    dependencies:
      are-we-there-yet "^3.0.0"
      console-control-strings "^1.1.0"
      gauge "^4.0.3"
      set-blocking "^2.0.0"
  
  oauth-sign@~0.9.0:
    version "0.9.0"
    resolved "https://registry.yarnpkg.com/oauth-sign/-/oauth-sign-0.9.0.tgz#47a7b016baa68b5fa0ecf3dee08a85c679ac6455"
    integrity sha512-fexhUFFPTGV8ybAtSIGbV6gOkSv8UtRbDBnAyLQw4QPKkgNlsH2ByPGtMUqdWkos6YCRmAqViwgZrJc/mRDzZQ==
  
  object-assign@^4.1.1:
    version "4.1.1"
    resolved "https://registry.yarnpkg.com/object-assign/-/object-assign-4.1.1.tgz#2109adc7965887cfc05cbbd442cac8bfbb360863"
    integrity sha512-rJgTQnkUnH1sFw8yT6VSU3zD3sWmu6sZhIseY8VX+GRu3P6F7Fu+JNDoXfklElbLJSnc3FUQHVe4cU5hj+BcUg==
  
  object-inspect@^1.12.2, object-inspect@^1.9.0:
    version "1.12.2"
    resolved "https://registry.yarnpkg.com/object-inspect/-/object-inspect-1.12.2.tgz#c0641f26394532f28ab8d796ab954e43c009a8ea"
    integrity sha512-z+cPxW0QGUp0mcqcsgQyLVRDoXFQbXOwBaqyF7VIgI4TWNQsDHrBpUQslRmIfAoYWdYzs6UlKJtB2XJpTaNSpQ==
  
  object-is@^1.0.1:
    version "1.1.5"
    resolved "https://registry.yarnpkg.com/object-is/-/object-is-1.1.5.tgz#b9deeaa5fc7f1846a0faecdceec138e5778f53ac"
    integrity sha512-3cyDsyHgtmi7I7DfSSI2LDp6SK2lwvtbg0p0R1e0RvTqF5ceGx+K2dfSjm1bKDMVCFEDAQvy+o8c6a7VujOddw==
    dependencies:
      call-bind "^1.0.2"
      define-properties "^1.1.3"
  
  object-keys@^1.1.1:
    version "1.1.1"
    resolved "https://registry.yarnpkg.com/object-keys/-/object-keys-1.1.1.tgz#1c47f272df277f3b1daf061677d9c82e2322c60e"
    integrity sha512-NuAESUOUMrlIXOfHKzD6bpPu3tYt3xvjNdRIQ+FeT0lNb4K8WR70CaDxhuNguS2XG+GjkyMwOzsN5ZktImfhLA==
  
  object.assign@^4.1.4:
    version "4.1.4"
    resolved "https://registry.yarnpkg.com/object.assign/-/object.assign-4.1.4.tgz#9673c7c7c351ab8c4d0b516f4343ebf4dfb7799f"
    integrity sha512-1mxKf0e58bvyjSCtKYY4sRe9itRk3PJpquJOjeIkz885CczcI4IvJJDLPS72oowuSh+pBxUFROpX+TU++hxhZQ==
    dependencies:
      call-bind "^1.0.2"
      define-properties "^1.1.4"
      has-symbols "^1.0.3"
      object-keys "^1.1.1"
  
  once@^1.3.0:
    version "1.4.0"
    resolved "https://registry.yarnpkg.com/once/-/once-1.4.0.tgz#583b1aa775961d4b113ac17d9c50baef9dd76bd1"
    integrity sha512-lNaJgI+2Q5URQBkccEKHTQOPaXdUxnZZElQTZY0MFUAuaEqe1E+Nyvgdz/aIyNi6Z9MzO5dv1H8n58/GELp3+w==
    dependencies:
      wrappy "1"
  
  open@^8.4.0:
    version "8.4.0"
    resolved "https://registry.yarnpkg.com/open/-/open-8.4.0.tgz#345321ae18f8138f82565a910fdc6b39e8c244f8"
    integrity sha512-XgFPPM+B28FtCCgSb9I+s9szOC1vZRSwgWsRUA5ylIxRTgKozqjOCrVOqGsYABPYK5qnfqClxZTFBa8PKt2v6Q==
    dependencies:
      define-lazy-prop "^2.0.0"
      is-docker "^2.1.1"
      is-wsl "^2.2.0"
  
  opencollective-postinstall@2.0.3:
    version "2.0.3"
    resolved "https://registry.yarnpkg.com/opencollective-postinstall/-/opencollective-postinstall-2.0.3.tgz#7a0fff978f6dbfa4d006238fbac98ed4198c3259"
    integrity sha512-8AV/sCtuzUeTo8gQK5qDZzARrulB3egtLzFgteqB2tcT4Mw7B8Kt7JcDHmltjz6FOAHsvTevk70gZEbhM4ZS9Q==
  
  optionator@^0.8.1:
    version "0.8.3"
    resolved "https://registry.yarnpkg.com/optionator/-/optionator-0.8.3.tgz#84fa1d036fe9d3c7e21d99884b601167ec8fb495"
    integrity sha512-+IW9pACdk3XWmmTXG8m3upGUJst5XRGzxMRjXzAuJ1XnIFNvfhjjIuYkDvysnPQ7qzqVzLt78BCruntqRhWQbA==
    dependencies:
      deep-is "~0.1.3"
      fast-levenshtein "~2.0.6"
      levn "~0.3.0"
      prelude-ls "~1.1.2"
      type-check "~0.3.2"
      word-wrap "~1.2.3"
  
  optionator@^0.9.1:
    version "0.9.1"
    resolved "https://registry.yarnpkg.com/optionator/-/optionator-0.9.1.tgz#4f236a6373dae0566a6d43e1326674f50c291499"
    integrity sha512-74RlY5FCnhq4jRxVUPKDaRwrVNXMqsGsiW6AJw4XK8hmtm10wC0ypZBLw5IIp85NZMr91+qd1RvvENwg7jjRFw==
    dependencies:
      deep-is "^0.1.3"
      fast-levenshtein "^2.0.6"
      levn "^0.4.1"
      prelude-ls "^1.2.1"
      type-check "^0.4.0"
      word-wrap "^1.2.3"
  
  "opts@>= 1.2.0":
    version "2.0.2"
    resolved "https://registry.yarnpkg.com/opts/-/opts-2.0.2.tgz#a17e189fbbfee171da559edd8a42423bc5993ce1"
    integrity sha512-k41FwbcLnlgnFh69f4qdUfvDQ+5vaSDnVPFI/y5XuhKRq97EnVVneO9F1ESVCdiVu4fCS2L8usX3mU331hB7pg==
  
  p-limit@^2.2.0:
    version "2.3.0"
    resolved "https://registry.yarnpkg.com/p-limit/-/p-limit-2.3.0.tgz#3dd33c647a214fdfffd835933eb086da0dc21db1"
    integrity sha512-//88mFWSJx8lxCzwdAABTJL2MyWB12+eIY7MDL2SqLmAkeKU9qxRvWuSyTjm3FUmpBEMuFfckAIqEaVGUDxb6w==
    dependencies:
      p-try "^2.0.0"
  
  p-limit@^3.0.2:
    version "3.1.0"
    resolved "https://registry.yarnpkg.com/p-limit/-/p-limit-3.1.0.tgz#e1daccbe78d0d1388ca18c64fea38e3e57e3706b"
    integrity sha512-TYOanM3wGwNGsZN2cVTYPArw454xnXj5qmWF1bEoAc4+cU/ol7GVh7odevjp1FNHduHc3KZMcFduxU5Xc6uJRQ==
    dependencies:
      yocto-queue "^0.1.0"
  
  p-locate@^4.1.0:
    version "4.1.0"
    resolved "https://registry.yarnpkg.com/p-locate/-/p-locate-4.1.0.tgz#a3428bb7088b3a60292f66919278b7c297ad4f07"
    integrity sha512-R79ZZ/0wAxKGu3oYMlz8jy/kbhsNrS7SKZ7PxEHBgJ5+F2mtFW2fK2cOtBh1cHYkQsbzFV7I+EoRKe6Yt0oK7A==
    dependencies:
      p-limit "^2.2.0"
  
  p-locate@^5.0.0:
    version "5.0.0"
    resolved "https://registry.yarnpkg.com/p-locate/-/p-locate-5.0.0.tgz#83c8315c6785005e3bd021839411c9e110e6d834"
    integrity sha512-LaNjtRWUBY++zB5nE/NwcaoMylSPk+S+ZHNB1TzdbMJMny6dynpAGt7X/tl/QYq3TIeE6nxHppbo2LGymrG5Pw==
    dependencies:
      p-limit "^3.0.2"
  
  p-map@^4.0.0:
    version "4.0.0"
    resolved "https://registry.yarnpkg.com/p-map/-/p-map-4.0.0.tgz#bb2f95a5eda2ec168ec9274e06a747c3e2904d2b"
    integrity sha512-/bjOqmgETBYB5BoEeGVea8dmvHb2m9GLy1E9W43yeyfP6QQCZGFNa+XRceJEuDB6zqr+gKpIAmlLebMpykw/MQ==
    dependencies:
      aggregate-error "^3.0.0"
  
  p-try@^2.0.0:
    version "2.2.0"
    resolved "https://registry.yarnpkg.com/p-try/-/p-try-2.2.0.tgz#cb2868540e313d61de58fafbe35ce9004d5540e6"
    integrity sha512-R4nPAVTAU0B9D35/Gk3uJf/7XYbQcyohSKdvAxIRSNghFl4e71hVoGnBNQz9cWaXxO2I10KTC+3jMdvvoKw6dQ==
  
  parent-module@^1.0.0:
    version "1.0.1"
    resolved "https://registry.yarnpkg.com/parent-module/-/parent-module-1.0.1.tgz#691d2709e78c79fae3a156622452d00762caaaa2"
    integrity sha512-GQ2EWRpQV8/o+Aw8YqtfZZPfNRWZYkbidE9k5rpl/hC3vtHHBfGm2Ifi6qWV+coDGkrUKZAxE3Lot5kcsRlh+g==
    dependencies:
      callsites "^3.0.0"
  
  parse-json@^4.0.0:
    version "4.0.0"
    resolved "https://registry.yarnpkg.com/parse-json/-/parse-json-4.0.0.tgz#be35f5425be1f7f6c747184f98a788cb99477ee0"
    integrity sha512-aOIos8bujGN93/8Ox/jPLh7RwVnPEysynVFE+fQZyg6jKELEHwzgKdLRFHUgXJL6kylijVSBC4BvN9OmsB48Rw==
    dependencies:
      error-ex "^1.3.1"
      json-parse-better-errors "^1.0.1"
  
  parse-json@^5.0.0:
    version "5.2.0"
    resolved "https://registry.yarnpkg.com/parse-json/-/parse-json-5.2.0.tgz#c76fc66dee54231c962b22bcc8a72cf2f99753cd"
    integrity sha512-ayCKvm/phCGxOkYRSCM82iDwct8/EonSEgCSxWxD7ve6jHggsFl4fZVQBPRNgQoKiuV/odhFrGzQXZwbifC8Rg==
    dependencies:
      "@babel/code-frame" "^7.0.0"
      error-ex "^1.3.1"
      json-parse-even-better-errors "^2.3.0"
      lines-and-columns "^1.1.6"
  
  pascal-case@^3.1.1:
    version "3.1.2"
    resolved "https://registry.yarnpkg.com/pascal-case/-/pascal-case-3.1.2.tgz#b48e0ef2b98e205e7c1dae747d0b1508237660eb"
    integrity sha512-uWlGT3YSnK9x3BQJaOdcZwrnV6hPpd8jFH1/ucpiLRPh/2zCVJKS19E4GvYHvaCcACn3foXZ0cLB9Wrx1KGe5g==
    dependencies:
      no-case "^3.0.4"
      tslib "^2.0.3"
  
  path-exists@^4.0.0:
    version "4.0.0"
    resolved "https://registry.yarnpkg.com/path-exists/-/path-exists-4.0.0.tgz#513bdbe2d3b95d7762e8c1137efa195c6c61b5b3"
    integrity sha512-ak9Qy5Q7jYb2Wwcey5Fpvg2KoAc/ZIhLSLOSBmRmygPsGwkVVt0fZa0qrtMz+m6tJTAHfZQ8FnmB4MG4LWy7/w==
  
  path-is-absolute@^1.0.0:
    version "1.0.1"
    resolved "https://registry.yarnpkg.com/path-is-absolute/-/path-is-absolute-1.0.1.tgz#174b9268735534ffbc7ace6bf53a5a9e1b5c5f5f"
    integrity sha512-AVbw3UJ2e9bq64vSaS9Am0fje1Pa8pbGqTTsmXfaIiMpnr5DlDhfJOuLj9Sf95ZPVDAUerDfEk88MPmPe7UCQg==
  
  path-key@^2.0.1:
    version "2.0.1"
    resolved "https://registry.yarnpkg.com/path-key/-/path-key-2.0.1.tgz#411cadb574c5a140d3a4b1910d40d80cc9f40b40"
    integrity sha512-fEHGKCSmUSDPv4uoj8AlD+joPlq3peND+HRYyxFz4KPw4z926S/b8rIuFs2FYJg3BwsxJf6A9/3eIdLaYC+9Dw==
  
  path-key@^3.1.0:
    version "3.1.1"
    resolved "https://registry.yarnpkg.com/path-key/-/path-key-3.1.1.tgz#581f6ade658cbba65a0d3380de7753295054f375"
    integrity sha512-ojmeN0qd+y0jszEtoY48r0Peq5dwMEkIlCOu6Q5f41lfkswXuKtYrhgoTpLnyIcHm24Uhqx+5Tqm2InSwLhE6Q==
  
  path-parse@^1.0.7:
    version "1.0.7"
    resolved "https://registry.yarnpkg.com/path-parse/-/path-parse-1.0.7.tgz#fbc114b60ca42b30d9daf5858e4bd68bbedb6735"
    integrity sha512-LDJzPVEEEPR+y48z93A0Ed0yXb8pAByGWo/k5YYdYgpY2/2EsOsksJrq7lOHxryrVOn1ejG6oAp8ahvOIQD8sw==
  
  path-type@^3.0.0:
    version "3.0.0"
    resolved "https://registry.yarnpkg.com/path-type/-/path-type-3.0.0.tgz#cef31dc8e0a1a3bb0d105c0cd97cf3bf47f4e36f"
    integrity sha512-T2ZUsdZFHgA3u4e5PfPbjd7HDDpxPnQb5jN0SrDsjNSuVXHJqtwTnWqG0B1jZrgmJ/7lj1EmVIByWt1gxGkWvg==
    dependencies:
      pify "^3.0.0"
  
  path-type@^4.0.0:
    version "4.0.0"
    resolved "https://registry.yarnpkg.com/path-type/-/path-type-4.0.0.tgz#84ed01c0a7ba380afe09d90a8c180dcd9d03043b"
    integrity sha512-gDKb8aZMDeD/tZWs9P6+q0J9Mwkdl6xMV8TjnGP3qJVJ06bdMgkbBlLU8IdfOsIsFz2BW1rNVT3XuNEl8zPAvw==
  
  pend@~1.2.0:
    version "1.2.0"
    resolved "https://registry.yarnpkg.com/pend/-/pend-1.2.0.tgz#7a57eb550a6783f9115331fcf4663d5c8e007a50"
    integrity sha512-F3asv42UuXchdzt+xXqfW1OGlVBe+mxa2mqI0pg5yAHZPvFmY3Y6drSf/GQ1A86WgWEN9Kzh/WrgKa6iGcHXLg==
  
  performance-now@^2.1.0:
    version "2.1.0"
    resolved "https://registry.yarnpkg.com/performance-now/-/performance-now-2.1.0.tgz#6309f4e0e5fa913ec1c69307ae364b4b377c9e7b"
    integrity sha512-7EAHlyLHI56VEIdK57uwHdHKIaAGbnXPiw0yWbarQZOKaKpvUIgW0jWRVLiatnM+XXlSwsanIBH/hzGMJulMow==
  
  picocolors@^1.0.0:
    version "1.0.0"
    resolved "https://registry.yarnpkg.com/picocolors/-/picocolors-1.0.0.tgz#cb5bdc74ff3f51892236eaf79d68bc44564ab81c"
    integrity sha512-1fygroTLlHu66zi26VoTDv8yRgm0Fccecssto+MhsZ0D/DGW2sm8E8AjW7NU5VVTRt5GxbeZ5qBuJr+HyLYkjQ==
  
  picomatch@^2.0.4, picomatch@^2.2.1, picomatch@^2.2.2, picomatch@^2.3.1:
    version "2.3.1"
    resolved "https://registry.yarnpkg.com/picomatch/-/picomatch-2.3.1.tgz#3ba3833733646d9d3e4995946c1365a67fb07a42"
    integrity sha512-JU3teHTNjmE2VCGFzuY8EXzCDVwEqB2a8fsIvwaStHhAWJEeVd1o1QD80CU6+ZdEXXSLbSsuLwJjkCBWqRQUVA==
  
  pidtree@^0.3.0:
    version "0.3.1"
    resolved "https://registry.yarnpkg.com/pidtree/-/pidtree-0.3.1.tgz#ef09ac2cc0533df1f3250ccf2c4d366b0d12114a"
    integrity sha512-qQbW94hLHEqCg7nhby4yRC7G2+jYHY4Rguc2bjw7Uug4GIJuu1tvf2uHaZv5Q8zdt+WKJ6qK1FOI6amaWUo5FA==
  
  pify@^3.0.0:
    version "3.0.0"
    resolved "https://registry.yarnpkg.com/pify/-/pify-3.0.0.tgz#e5a4acd2c101fdf3d9a4d07f0dbc4db49dd28176"
    integrity sha512-C3FsVNH1udSEX48gGX1xfvwTWfsYWj5U+8/uK15BGzIGrKoUpghX8hWZwa/OFnakBiiVNmBvemTJR5mcy7iPcg==
  
  plist@^3.0.5, plist@^3.0.6:
    version "3.0.6"
    resolved "https://registry.yarnpkg.com/plist/-/plist-3.0.6.tgz#7cfb68a856a7834bca6dbfe3218eb9c7740145d3"
    integrity sha512-WiIVYyrp8TD4w8yCvyeIr+lkmrGRd5u0VbRnU+tP/aRLxP/YadJUYOMZJ/6hIa3oUyVCsycXvtNRgd5XBJIbiA==
    dependencies:
      base64-js "^1.5.1"
      xmlbuilder "^15.1.1"
  
  postcss-load-config@^4.0.1:
    version "4.0.1"
    resolved "https://registry.yarnpkg.com/postcss-load-config/-/postcss-load-config-4.0.1.tgz#152383f481c2758274404e4962743191d73875bd"
    integrity sha512-vEJIc8RdiBRu3oRAI0ymerOn+7rPuMvRXslTvZUKZonDHFIczxztIyJ1urxM1x9JXEikvpWWTUUqal5j/8QgvA==
    dependencies:
      lilconfig "^2.0.5"
      yaml "^2.1.1"
  
  postcss@^8.4.18:
    version "8.4.18"
    resolved "https://registry.yarnpkg.com/postcss/-/postcss-8.4.18.tgz#6d50046ea7d3d66a85e0e782074e7203bc7fbca2"
    integrity sha512-Wi8mWhncLJm11GATDaQKobXSNEYGUHeQLiQqDFG1qQ5UTDPTEvKw0Xt5NsTpktGTwLps3ByrWsBrG0rB8YQ9oA==
    dependencies:
      nanoid "^3.3.4"
      picocolors "^1.0.0"
      source-map-js "^1.0.2"
  
  prelude-ls@^1.2.1:
    version "1.2.1"
    resolved "https://registry.yarnpkg.com/prelude-ls/-/prelude-ls-1.2.1.tgz#debc6489d7a6e6b0e7611888cec880337d316396"
    integrity sha512-vkcDPrRZo1QZLbn5RLGPpg/WmIQ65qoWWhcGKf/b5eplkkarX0m9z8ppCat4mlOqUsWpyNuYgO3VRyrYHSzX5g==
  
  prelude-ls@~1.1.2:
    version "1.1.2"
    resolved "https://registry.yarnpkg.com/prelude-ls/-/prelude-ls-1.1.2.tgz#21932a549f5e52ffd9a827f570e04be62a97da54"
    integrity sha512-ESF23V4SKG6lVSGZgYNpbsiaAkdab6ZgOxe52p7+Kid3W3u3bxR4Vfd/o21dmN7jSt0IwgZ4v5MUd26FEtXE9w==
  
  prettier@^2.7.1:
    version "2.7.1"
    resolved "https://registry.yarnpkg.com/prettier/-/prettier-2.7.1.tgz#e235806850d057f97bb08368a4f7d899f7760c64"
    integrity sha512-ujppO+MkdPqoVINuDFDRLClm7D78qbDt0/NR+wp5FqEZOoTNAjPHWj17QRhu7geIHJfcNhRk1XVQmF8Bp3ye+g==
  
  process-nextick-args@~2.0.0:
    version "2.0.1"
    resolved "https://registry.yarnpkg.com/process-nextick-args/-/process-nextick-args-2.0.1.tgz#7820d9b16120cc55ca9ae7792680ae7dba6d7fe2"
    integrity sha512-3ouUOpQhtgrbOa17J7+uxOTpITYWaGP7/AhoR3+A+/1e9skrzelGi/dXzEYyvbxubEF6Wn2ypscTKiKJFFn1ag==
  
  process@0.11.10:
    version "0.11.10"
    resolved "https://registry.yarnpkg.com/process/-/process-0.11.10.tgz#7332300e840161bda3e69a1d1d91a7d4bc16f182"
    integrity sha512-cdGef/drWFoydD1JsMzuFf8100nZl+GT+yacc2bEced5f9Rjk4z+WtFUTBu9PhOi9j/jfmBPu0mMEY4wIdAF8A==
  
  promise-inflight@^1.0.1:
    version "1.0.1"
    resolved "https://registry.yarnpkg.com/promise-inflight/-/promise-inflight-1.0.1.tgz#98472870bf228132fcbdd868129bad12c3c029e3"
    integrity sha512-6zWPyEOFaQBJYcGMHBKTKJ3u6TBsnMFOIZSa6ce1e/ZrrsOlnHRHbabMjLiBYKp+n44X9eUI6VUPaukCXHuG4g==
  
  promise-retry@^2.0.1:
    version "2.0.1"
    resolved "https://registry.yarnpkg.com/promise-retry/-/promise-retry-2.0.1.tgz#ff747a13620ab57ba688f5fc67855410c370da22"
    integrity sha512-y+WKFlBR8BGXnsNlIHFGPZmyDf3DFMoLhaflAnyZgV6rG6xu+JwesTo2Q9R6XwYmtmwAFCkAk3e35jEdoeh/3g==
    dependencies:
      err-code "^2.0.2"
      retry "^0.12.0"
  
  prompts@^2.4.2:
    version "2.4.2"
    resolved "https://registry.yarnpkg.com/prompts/-/prompts-2.4.2.tgz#7b57e73b3a48029ad10ebd44f74b01722a4cb069"
    integrity sha512-NxNv/kLguCA7p3jE8oL2aEBsrJWgAakBpgmgK6lpPWV+WuOmY6r2/zbAVnP+T8bQlA0nzHXSJSJW0Hq7ylaD2Q==
    dependencies:
      kleur "^3.0.3"
      sisteransi "^1.0.5"
  
  psl@^1.1.28:
    version "1.9.0"
    resolved "https://registry.yarnpkg.com/psl/-/psl-1.9.0.tgz#d0df2a137f00794565fcaf3b2c00cd09f8d5a5a7"
    integrity sha512-E/ZsdU4HLs/68gYzgGTkMicWTLPdAftJLfJFlLUAAKZGkStNU72sZjT66SnMDVOfOWY/YAoiD7Jxa9iHvngcag==
  
  punycode@^2.1.0, punycode@^2.1.1:
    version "2.1.1"
    resolved "https://registry.yarnpkg.com/punycode/-/punycode-2.1.1.tgz#b58b010ac40c22c5657616c8d2c2c02c7bf479ec"
    integrity sha512-XRsRjdf+j5ml+y/6GKHPZbrF/8p2Yga0JPtdqTIY2Xe5ohJPD9saDJJLPvp9+NSBprVvevdXZybnj2cv8OEd0A==
  
  qs@~6.5.2:
    version "6.5.3"
    resolved "https://registry.yarnpkg.com/qs/-/qs-6.5.3.tgz#3aeeffc91967ef6e35c0e488ef46fb296ab76aad"
    integrity sha512-qxXIEh4pCGfHICj1mAJQ2/2XVZkjCDTcEgfoSQxc/fYivUZxTkk7L3bDBJSoNrEzXI17oUO5Dp07ktqE5KzczA==
  
  queue-microtask@^1.2.2:
    version "1.2.3"
    resolved "https://registry.yarnpkg.com/queue-microtask/-/queue-microtask-1.2.3.tgz#4929228bbc724dfac43e0efb058caf7b6cfb6243"
    integrity sha512-NuaNSa6flKT5JaSYQzJok04JzTL1CA6aGhv5rfLW3PgqA+M2ChpZQnAC8h8i4ZFkBS8X5RqkDBHA7r4hej3K9A==
  
  quick-lru@^4.0.1:
    version "4.0.1"
    resolved "https://registry.yarnpkg.com/quick-lru/-/quick-lru-4.0.1.tgz#5b8878f113a58217848c6482026c73e1ba57727f"
    integrity sha512-ARhCpm70fzdcvNQfPoy49IaanKkTlRWF2JMzqhcJbhSFRZv7nPTvZJdcY7301IPmvW+/p0RgIWnQDLJxifsQ7g==
  
  randombytes@^2.1.0:
    version "2.1.0"
    resolved "https://registry.yarnpkg.com/randombytes/-/randombytes-2.1.0.tgz#df6f84372f0270dc65cdf6291349ab7a473d4f2a"
    integrity sha512-vYl3iOX+4CKUWuxGi9Ukhie6fsqXqS9FE2Zaic4tNFD2N2QQaXOMFbuKK4QmDHC0JO6B1Zp41J0LpT0oR68amQ==
    dependencies:
      safe-buffer "^5.1.0"
  
  react-image-file-resizer@^0.4.8:
    version "0.4.8"
    resolved "https://registry.yarnpkg.com/react-image-file-resizer/-/react-image-file-resizer-0.4.8.tgz#85f4ae4469fd2867d961568af660ef403d7a79af"
    integrity sha512-Ue7CfKnSlsfJ//SKzxNMz8avDgDSpWQDOnTKOp/GNRFJv4dO9L5YGHNEnj40peWkXXAK2OK0eRIoXhOYpUzUTQ==
  
  read-pkg-up@^7.0.1:
    version "7.0.1"
    resolved "https://registry.yarnpkg.com/read-pkg-up/-/read-pkg-up-7.0.1.tgz#f3a6135758459733ae2b95638056e1854e7ef507"
    integrity sha512-zK0TB7Xd6JpCLmlLmufqykGE+/TlOePD6qKClNW7hHDKFh/J7/7gCWGR7joEQEW1bKq3a3yUZSObOoWLFQ4ohg==
    dependencies:
      find-up "^4.1.0"
      read-pkg "^5.2.0"
      type-fest "^0.8.1"
  
  read-pkg@^3.0.0:
    version "3.0.0"
    resolved "https://registry.yarnpkg.com/read-pkg/-/read-pkg-3.0.0.tgz#9cbc686978fee65d16c00e2b19c237fcf6e38389"
    integrity sha512-BLq/cCO9two+lBgiTYNqD6GdtK8s4NpaWrl6/rCO9w0TUS8oJl7cmToOZfRYllKTISY6nt1U7jQ53brmKqY6BA==
    dependencies:
      load-json-file "^4.0.0"
      normalize-package-data "^2.3.2"
      path-type "^3.0.0"
  
  read-pkg@^5.2.0:
    version "5.2.0"
    resolved "https://registry.yarnpkg.com/read-pkg/-/read-pkg-5.2.0.tgz#7bf295438ca5a33e56cd30e053b34ee7250c93cc"
    integrity sha512-Ug69mNOpfvKDAc2Q8DRpMjjzdtrnv9HcSMX+4VsZxD1aZ6ZzrIE7rlzXBtWTyhULSMKg076AW6WR5iZpD0JiOg==
    dependencies:
      "@types/normalize-package-data" "^2.4.0"
      normalize-package-data "^2.5.0"
      parse-json "^5.0.0"
      type-fest "^0.6.0"
  
  readable-stream@3, readable-stream@^3.6.0:
    version "3.6.0"
    resolved "https://registry.yarnpkg.com/readable-stream/-/readable-stream-3.6.0.tgz#337bbda3adc0706bd3e024426a286d4b4b2c9198"
    integrity sha512-BViHy7LKeTz4oNnkcLJ+lVSL6vpiFeX6/d3oSH8zCW7UxP2onchk+vTGB143xuFjHS3deTgkKoXXymXqymiIdA==
    dependencies:
      inherits "^2.0.3"
      string_decoder "^1.1.1"
      util-deprecate "^1.0.1"
  
  readable-stream@^2.0.1:
    version "2.3.7"
    resolved "https://registry.yarnpkg.com/readable-stream/-/readable-stream-2.3.7.tgz#1eca1cf711aef814c04f62252a36a62f6cb23b57"
    integrity sha512-Ebho8K4jIbHAxnuxi7o42OrZgF/ZTNcsZj6nRKyUmkhLFq8CHItp/fy6hQZuZmP/n3yZ9VBUbp4zz/mX8hmYPw==
    dependencies:
      core-util-is "~1.0.0"
      inherits "~2.0.3"
      isarray "~1.0.0"
      process-nextick-args "~2.0.0"
      safe-buffer "~5.1.1"
      string_decoder "~1.1.1"
      util-deprecate "~1.0.1"
  
  readdirp@~3.6.0:
    version "3.6.0"
    resolved "https://registry.yarnpkg.com/readdirp/-/readdirp-3.6.0.tgz#74a370bd857116e245b29cc97340cd431a02a6c7"
    integrity sha512-hOS089on8RduqdbhvQ5Z37A0ESjsqz6qnRcffsMU3495FuTdqSm+7bhJ29JvIOsBDEEnan5DPu9t3To9VRlMzA==
    dependencies:
      picomatch "^2.2.1"
  
  redent@^3.0.0:
    version "3.0.0"
    resolved "https://registry.yarnpkg.com/redent/-/redent-3.0.0.tgz#e557b7998316bb53c9f1f56fa626352c6963059f"
    integrity sha512-6tDA8g98We0zd0GvVeMT9arEOnTw9qM03L9cJXaCjrip1OO764RDBLBfrB4cwzNGDj5OA5ioymC9GkizgWJDUg==
    dependencies:
      indent-string "^4.0.0"
      strip-indent "^3.0.0"
  
  reflect-metadata@0.1.13:
    version "0.1.13"
    resolved "https://registry.yarnpkg.com/reflect-metadata/-/reflect-metadata-0.1.13.tgz#67ae3ca57c972a2aa1642b10fe363fe32d49dc08"
    integrity sha512-Ts1Y/anZELhSsjMcU605fU9RE4Oi3p5ORujwbIKXfWa+0Zxs510Qrmrce5/Jowq3cHSZSJqBjypxmHarc+vEWg==
  
  regexp.prototype.flags@^1.4.3:
    version "1.4.3"
    resolved "https://registry.yarnpkg.com/regexp.prototype.flags/-/regexp.prototype.flags-1.4.3.tgz#87cab30f80f66660181a3bb7bf5981a872b367ac"
    integrity sha512-fjggEOO3slI6Wvgjwflkc4NFRCTZAu5CnNfBd5qOMYhWdn67nJBBu34/TkD++eeFmd8C9r9jfXJ27+nSiRkSUA==
    dependencies:
      call-bind "^1.0.2"
      define-properties "^1.1.3"
      functions-have-names "^1.2.2"
  
  regexpp@^3.2.0:
    version "3.2.0"
    resolved "https://registry.yarnpkg.com/regexpp/-/regexpp-3.2.0.tgz#0425a2768d8f23bad70ca4b90461fa2f1213e1b2"
    integrity sha512-pq2bWo9mVD43nbts2wGv17XLiNLya+GklZ8kaDLV2Z08gDCsGpnKn9BFMepvWuHCbyVvY7J5o5+BVvoQbmlJLg==
  
  request@^2.88.0:
    version "2.88.2"
    resolved "https://registry.yarnpkg.com/request/-/request-2.88.2.tgz#d73c918731cb5a87da047e207234146f664d12b3"
    integrity sha512-MsvtOrfG9ZcrOwAW+Qi+F6HbD0CWXEh9ou77uOb7FM2WPhwT7smM833PzanhJLsgXjN89Ir6V2PczXNnMpwKhw==
    dependencies:
      aws-sign2 "~0.7.0"
      aws4 "^1.8.0"
      caseless "~0.12.0"
      combined-stream "~1.0.6"
      extend "~3.0.2"
      forever-agent "~0.6.1"
      form-data "~2.3.2"
      har-validator "~5.1.3"
      http-signature "~1.2.0"
      is-typedarray "~1.0.0"
      isstream "~0.1.2"
      json-stringify-safe "~5.0.1"
      mime-types "~2.1.19"
      oauth-sign "~0.9.0"
      performance-now "^2.1.0"
      qs "~6.5.2"
      safe-buffer "^5.1.2"
      tough-cookie "~2.5.0"
      tunnel-agent "^0.6.0"
      uuid "^3.3.2"
  
  require-directory@^2.1.1:
    version "2.1.1"
    resolved "https://registry.yarnpkg.com/require-directory/-/require-directory-2.1.1.tgz#8c64ad5fd30dab1c976e2344ffe7f792a6a6df42"
    integrity sha512-fGxEI7+wsG9xrvdjsrlmL22OMTTiHRwAMroiEeMgq8gzoLC/PQr7RsRDSTLUg/bZAZtF+TVIkHc6/4RIKrui+Q==
  
  require-relative@^0.8.7:
    version "0.8.7"
    resolved "https://registry.yarnpkg.com/require-relative/-/require-relative-0.8.7.tgz#7999539fc9e047a37928fa196f8e1563dabd36de"
    integrity sha512-AKGr4qvHiryxRb19m3PsLRGuKVAbJLUD7E6eOaHkfKhwc+vSgVOCY5xNvm9EkolBKTOf0GrQAZKLimOCz81Khg==
  
  requizzle@^0.2.3:
    version "0.2.3"
    resolved "https://registry.yarnpkg.com/requizzle/-/requizzle-0.2.3.tgz#4675c90aacafb2c036bd39ba2daa4a1cb777fded"
    integrity sha512-YanoyJjykPxGHii0fZP0uUPEXpvqfBDxWV7s6GKAiiOsiqhX6vHNyW3Qzdmqp/iq/ExbhaGbVrjB4ruEVSM4GQ==
    dependencies:
      lodash "^4.17.14"
  
  resolve-from@^4.0.0:
    version "4.0.0"
    resolved "https://registry.yarnpkg.com/resolve-from/-/resolve-from-4.0.0.tgz#4abcd852ad32dd7baabfe9b40e00a36db5f392e6"
    integrity sha512-pb/MYmXstAkysRFx8piNI1tGFNQIFA3vkE3Gq4EuA1dF6gHp/+vgZqsCGJapvy8N3Q+4o7FwvquPJcnZ7RYy4g==
  
  resolve@^1.10.0, resolve@^1.22.1:
    version "1.22.1"
    resolved "https://registry.yarnpkg.com/resolve/-/resolve-1.22.1.tgz#27cb2ebb53f91abb49470a928bba7558066ac177"
    integrity sha512-nBpuuYuY5jFsli/JIs1oldw6fOQCBioohqWZg/2hiaOybXOft4lonv85uDOKXdf8rhyK159cxU5cDcK/NKk8zw==
    dependencies:
      is-core-module "^2.9.0"
      path-parse "^1.0.7"
      supports-preserve-symlinks-flag "^1.0.0"
  
  retry@^0.12.0:
    version "0.12.0"
    resolved "https://registry.yarnpkg.com/retry/-/retry-0.12.0.tgz#1b42a6266a21f07421d1b0b54b7dc167b01c013b"
    integrity sha512-9LkiTwjUh6rT555DtE9rTX+BKByPfrMzEAtnlEtdEwr3Nkffwiihqe2bWADg+OQRjt9gl6ICdmB/ZFDCGAtSow==
  
  reusify@^1.0.4:
    version "1.0.4"
    resolved "https://registry.yarnpkg.com/reusify/-/reusify-1.0.4.tgz#90da382b1e126efc02146e90845a88db12925d76"
    integrity sha512-U9nH88a3fc/ekCF1l0/UP1IosiuIjyTh7hBvXVMHYgVcfGvt897Xguj2UOLDeI5BG2m7/uwyaLVT6fbtCwTyzw==
  
  rimraf@^2.5.2:
    version "2.7.1"
    resolved "https://registry.yarnpkg.com/rimraf/-/rimraf-2.7.1.tgz#35797f13a7fdadc566142c29d4f07ccad483e3ec"
    integrity sha512-uWjbaKIK3T1OSVptzX7Nl6PvQ3qAGtKEtVRjRuazjfL3Bx5eI409VZSqgND+4UNnmzLVdPj9FqFJNPqBZFve4w==
    dependencies:
      glob "^7.1.3"
  
  rimraf@^3.0.2:
    version "3.0.2"
    resolved "https://registry.yarnpkg.com/rimraf/-/rimraf-3.0.2.tgz#f1a5402ba6220ad52cc1282bac1ae3aa49fd061a"
    integrity sha512-JZkJMZkAGFFPP2YqXZXPbMlMBgsxzE8ILs4lMIX/2o0L9UBw9O/Y3o6wFw/i9YLapcUJWwqbi3kdxIPdC62TIA==
    dependencies:
      glob "^7.1.3"
  
  rollup-plugin-auto-external@^2.0.0:
    version "2.0.0"
    resolved "https://registry.yarnpkg.com/rollup-plugin-auto-external/-/rollup-plugin-auto-external-2.0.0.tgz#98fd137d66c1cbe0f4e245b31560a72dbde896aa"
    integrity sha512-HQM3ZkZYfSam1uoZtAB9sK26EiAsfs1phrkf91c/YX+S07wugyRXSigBxrIwiLr5EPPilKYmoMxsrnlGBsXnuQ==
    dependencies:
      builtins "^2.0.0"
      read-pkg "^3.0.0"
      safe-resolve "^1.0.0"
      semver "^5.5.0"
  
  rollup-plugin-css-only@^3.1.0:
    version "3.1.0"
    resolved "https://registry.yarnpkg.com/rollup-plugin-css-only/-/rollup-plugin-css-only-3.1.0.tgz#6a701cc5b051c6b3f0961e69b108a9a118e1b1df"
    integrity sha512-TYMOE5uoD76vpj+RTkQLzC9cQtbnJNktHPB507FzRWBVaofg7KhIqq1kGbcVOadARSozWF883Ho9KpSPKH8gqA==
    dependencies:
      "@rollup/pluginutils" "4"
  
  rollup-plugin-livereload@^2.0.5:
    version "2.0.5"
    resolved "https://registry.yarnpkg.com/rollup-plugin-livereload/-/rollup-plugin-livereload-2.0.5.tgz#4747fa292a2cceb0c972c573d71b3d66b4252b37"
    integrity sha512-vqQZ/UQowTW7VoiKEM5ouNW90wE5/GZLfdWuR0ELxyKOJUIaj+uismPZZaICU4DnWPVjnpCDDxEqwU7pcKY/PA==
    dependencies:
      livereload "^0.9.1"
  
  rollup-plugin-svelte@^7.1.0:
    version "7.1.0"
    resolved "https://registry.yarnpkg.com/rollup-plugin-svelte/-/rollup-plugin-svelte-7.1.0.tgz#d45f2b92b1014be4eb46b55aa033fb9a9c65f04d"
    integrity sha512-vopCUq3G+25sKjwF5VilIbiY6KCuMNHP1PFvx2Vr3REBNMDllKHFZN2B9jwwC+MqNc3UPKkjXnceLPEjTjXGXg==
    dependencies:
      require-relative "^0.8.7"
      rollup-pluginutils "^2.8.2"
  
  rollup-plugin-terser@^7.0.2:
    version "7.0.2"
    resolved "https://registry.yarnpkg.com/rollup-plugin-terser/-/rollup-plugin-terser-7.0.2.tgz#e8fbba4869981b2dc35ae7e8a502d5c6c04d324d"
    integrity sha512-w3iIaU4OxcF52UUXiZNsNeuXIMDvFrr+ZXK6bFZ0Q60qyVfq4uLptoS4bbq3paG3x216eQllFZX7zt6TIImguQ==
    dependencies:
      "@babel/code-frame" "^7.10.4"
      jest-worker "^26.2.1"
      serialize-javascript "^4.0.0"
      terser "^5.0.0"
  
  rollup-pluginutils@^2.8.2:
    version "2.8.2"
    resolved "https://registry.yarnpkg.com/rollup-pluginutils/-/rollup-pluginutils-2.8.2.tgz#72f2af0748b592364dbd3389e600e5a9444a351e"
    integrity sha512-EEp9NhnUkwY8aif6bxgovPHMoMoNr2FulJziTndpt5H9RdwC47GSGuII9XxpSdzVGM0GWrNPHV6ie1LTNJPaLQ==
    dependencies:
      estree-walker "^0.6.1"
  
  rollup@^3.2.3:
    version "3.2.3"
    resolved "https://registry.yarnpkg.com/rollup/-/rollup-3.2.3.tgz#67d894c981ad50cc811779748e52c05742560c64"
    integrity sha512-qfadtkY5kl0F5e4dXVdj2D+GtOdifasXHFMiL1SMf9ADQDv5Eti6xReef9FKj+iQPR2pvtqWna57s/PjARY4fg==
    optionalDependencies:
      fsevents "~2.3.2"
  
  run-parallel@^1.1.9:
    version "1.2.0"
    resolved "https://registry.yarnpkg.com/run-parallel/-/run-parallel-1.2.0.tgz#66d1368da7bdf921eb9d95bd1a9229e7f21a43ee"
    integrity sha512-5l4VyZR86LZ/lDxZTR6jqL8AFE2S0IFLMP26AbjsLVADxHdhB/c0GUsH+y39UfCi3dzz8OlQuPmnaJOMoDHQBA==
    dependencies:
      queue-microtask "^1.2.2"
  
  sade@^1.6.0, sade@^1.7.4:
    version "1.8.1"
    resolved "https://registry.yarnpkg.com/sade/-/sade-1.8.1.tgz#0a78e81d658d394887be57d2a409bf703a3b2701"
    integrity sha512-xal3CZX1Xlo/k4ApwCFrHVACi9fBqJ7V+mwhBsuf/1IOKbBy098Fex+Wa/5QMubw09pSZ/u8EY8PWgevJsXp1A==
    dependencies:
      mri "^1.1.0"
  
  safe-buffer@^5.0.1, safe-buffer@^5.1.0, safe-buffer@^5.1.2, safe-buffer@~5.2.0:
    version "5.2.1"
    resolved "https://registry.yarnpkg.com/safe-buffer/-/safe-buffer-5.2.1.tgz#1eaf9fa9bdb1fdd4ec75f58f9cdb4e6b7827eec6"
    integrity sha512-rp3So07KcdmmKbGvgaNxQSJr7bGVSVk5S9Eq1F+ppbRo70+YeaDxkw5Dd8NPN+GD6bjnYm2VuPuCXmpuYvmCXQ==
  
  safe-buffer@~5.1.0, safe-buffer@~5.1.1:
    version "5.1.2"
    resolved "https://registry.yarnpkg.com/safe-buffer/-/safe-buffer-5.1.2.tgz#991ec69d296e0313747d59bdfd2b745c35f8828d"
    integrity sha512-Gd2UZBJDkXlY7GbJxfsE8/nvKkUEU1G38c1siN6QP6a9PT9MmHB8GnpscSmMJSoF8LOIrt8ud/wPtojys4G6+g==
  
  safe-regex-test@^1.0.0:
    version "1.0.0"
    resolved "https://registry.yarnpkg.com/safe-regex-test/-/safe-regex-test-1.0.0.tgz#793b874d524eb3640d1873aad03596db2d4f2295"
    integrity sha512-JBUUzyOgEwXQY1NuPtvcj/qcBDbDmEvWufhlnXZIm75DEHp+afM1r1ujJpJsV/gSM4t59tpDyPi1sd6ZaPFfsA==
    dependencies:
      call-bind "^1.0.2"
      get-intrinsic "^1.1.3"
      is-regex "^1.1.4"
  
  safe-resolve@^1.0.0:
    version "1.0.0"
    resolved "https://registry.yarnpkg.com/safe-resolve/-/safe-resolve-1.0.0.tgz#fe34f8d29d7a3becfd249d0aa8a799b5c3cf6559"
    integrity sha512-aQpRvfxoi1y0UxKEU0tNO327kb0/LMo8Xrk64M2u172UqOOLCCM0khxN2OTClDiTqTJz5864GMD1X92j4YiHTg==
  
  "safer-buffer@>= 2.1.2 < 3.0.0", safer-buffer@^2.0.2, safer-buffer@^2.1.0, safer-buffer@~2.1.0:
    version "2.1.2"
    resolved "https://registry.yarnpkg.com/safer-buffer/-/safer-buffer-2.1.2.tgz#44fa161b0187b9549dd84bb91802f9bd8385cd6a"
    integrity sha512-YZo3K82SD7Riyi0E1EQPojLz7kpepnSQI9IyPbHHg1XXXevb5dJI7tpyN2ADxGcQbHG7vcyRHk0cbwqcQriUtg==
  
  sander@^0.5.0:
    version "0.5.1"
    resolved "https://registry.yarnpkg.com/sander/-/sander-0.5.1.tgz#741e245e231f07cafb6fdf0f133adfa216a502ad"
    integrity sha512-3lVqBir7WuKDHGrKRDn/1Ye3kwpXaDOMsiRP1wd6wpZW56gJhsbp5RqQpA6JG/P+pkXizygnr1dKR8vzWaVsfA==
    dependencies:
      es6-promise "^3.1.2"
      graceful-fs "^4.1.3"
      mkdirp "^0.5.1"
      rimraf "^2.5.2"
  
  sass-graph@^4.0.1:
    version "4.0.1"
    resolved "https://registry.yarnpkg.com/sass-graph/-/sass-graph-4.0.1.tgz#2ff8ca477224d694055bf4093f414cf6cfad1d2e"
    integrity sha512-5YCfmGBmxoIRYHnKK2AKzrAkCoQ8ozO+iumT8K4tXJXRVCPf+7s1/9KxTSW3Rbvf+7Y7b4FR3mWyLnQr3PHocA==
    dependencies:
      glob "^7.0.0"
      lodash "^4.17.11"
      scss-tokenizer "^0.4.3"
      yargs "^17.2.1"
  
  sax@1.1.4:
    version "1.1.4"
    resolved "https://registry.yarnpkg.com/sax/-/sax-1.1.4.tgz#74b6d33c9ae1e001510f179a91168588f1aedaa9"
    integrity sha512-5f3k2PbGGp+YtKJjOItpg3P99IMD84E4HOvcfleTb5joCHNXYLsR9yWFPOYGgaeMPDubQILTCMdsFb2OMeOjtg==
  
  sax@>=0.6.0:
    version "1.2.4"
    resolved "https://registry.yarnpkg.com/sax/-/sax-1.2.4.tgz#2816234e2378bddc4e5354fab5caa895df7100d9"
    integrity sha512-NqVDv9TpANUjFm0N8uM5GxL36UgKi9/atZw+x7YFnQ8ckwFGKrl4xX4yWtrey3UJm5nP1kUbnYgLopqWNSRhWw==
  
  scss-tokenizer@^0.4.3:
    version "0.4.3"
    resolved "https://registry.yarnpkg.com/scss-tokenizer/-/scss-tokenizer-0.4.3.tgz#1058400ee7d814d71049c29923d2b25e61dc026c"
    integrity sha512-raKLgf1LI5QMQnG+RxHz6oK0sL3x3I4FN2UDLqgLOGO8hodECNnNh5BXn7fAyBxrA8zVzdQizQ6XjNJQ+uBwMw==
    dependencies:
      js-base64 "^2.4.9"
      source-map "^0.7.3"
  
  semiver@^1.0.0:
    version "1.1.0"
    resolved "https://registry.yarnpkg.com/semiver/-/semiver-1.1.0.tgz#9c97fb02c21c7ce4fcf1b73e2c7a24324bdddd5f"
    integrity sha512-QNI2ChmuioGC1/xjyYwyZYADILWyW6AmS1UH6gDj/SFUUUS4MBAWs/7mxnkRPc/F4iHezDP+O8t0dO8WHiEOdg==
  
  "semver@2 || 3 || 4 || 5", semver@^5.5.0:
    version "5.7.1"
    resolved "https://registry.yarnpkg.com/semver/-/semver-5.7.1.tgz#a954f931aeba508d307bbf069eff0c01c96116f7"
    integrity sha512-sauaDf/PZdVgrLTNYHRtpXa1iRiKcaebiKQ1BJdpQlWH2lCvexQdX55snPFyK7QzpudqbCI0qXFfOasHdyNDGQ==
  
  semver@^6.0.0:
    version "6.3.0"
    resolved "https://registry.yarnpkg.com/semver/-/semver-6.3.0.tgz#ee0a64c8af5e8ceea67687b133761e1becbd1d3d"
    integrity sha512-b39TBaTSfV6yBrapU89p5fKekE2m/NwnDocOVruQFS1/veMgdzuPcnOM34M6CwxW8jH/lxEa5rBoDeUwu5HHTw==
  
  semver@^7.3.4, semver@^7.3.5, semver@^7.3.7:
    version "7.3.8"
    resolved "https://registry.yarnpkg.com/semver/-/semver-7.3.8.tgz#07a78feafb3f7b32347d725e33de7e2a2df67798"
    integrity sha512-NB1ctGL5rlHrPJtFDVIVzTyQylMLu9N9VICA6HSFJo8MCGVTMW6gfpicwKmmK/dAjTOrqu5l63JJOpDSrAis3A==
    dependencies:
      lru-cache "^6.0.0"
  
  serialize-javascript@^4.0.0:
    version "4.0.0"
    resolved "https://registry.yarnpkg.com/serialize-javascript/-/serialize-javascript-4.0.0.tgz#b525e1238489a5ecfc42afacc3fe99e666f4b1aa"
    integrity sha512-GaNA54380uFefWghODBWEGisLZFj00nS5ACs6yHa9nLqlLpVLO8ChDGeKRjZnV4Nh4n0Qi7nhYZD/9fCPzEqkw==
    dependencies:
      randombytes "^2.1.0"
  
  set-blocking@^2.0.0:
    version "2.0.0"
    resolved "https://registry.yarnpkg.com/set-blocking/-/set-blocking-2.0.0.tgz#045f9782d011ae9a6803ddd382b24392b3d890f7"
    integrity sha512-KiKBS8AnWGEyLzofFfmvKwpdPzqiy16LvQfK3yv/fVH7Bj13/wl3JSR1J+rfgRE9q7xUJK4qvgS8raSOeLUehw==
  
  shebang-command@^1.2.0:
    version "1.2.0"
    resolved "https://registry.yarnpkg.com/shebang-command/-/shebang-command-1.2.0.tgz#44aac65b695b03398968c39f363fee5deafdf1ea"
    integrity sha512-EV3L1+UQWGor21OmnvojK36mhg+TyIKDh3iFBKBohr5xeXIhNBcx8oWdgkTEEQ+BEFFYdLRuqMfd5L84N1V5Vg==
    dependencies:
      shebang-regex "^1.0.0"
  
  shebang-command@^2.0.0:
    version "2.0.0"
    resolved "https://registry.yarnpkg.com/shebang-command/-/shebang-command-2.0.0.tgz#ccd0af4f8835fbdc265b82461aaf0c36663f34ea"
    integrity sha512-kHxr2zZpYtdmrN1qDjrrX/Z1rR1kG8Dx+gkpK1G4eXmvXswmcE1hTWBWYUzlraYw1/yZp6YuDY77YtvbN0dmDA==
    dependencies:
      shebang-regex "^3.0.0"
  
  shebang-regex@^1.0.0:
    version "1.0.0"
    resolved "https://registry.yarnpkg.com/shebang-regex/-/shebang-regex-1.0.0.tgz#da42f49740c0b42db2ca9728571cb190c98efea3"
    integrity sha512-wpoSFAxys6b2a2wHZ1XpDSgD7N9iVjg29Ph9uV/uaP9Ex/KXlkTZTeddxDPSYQpgvzKLGJke2UU0AzoGCjNIvQ==
  
  shebang-regex@^3.0.0:
    version "3.0.0"
    resolved "https://registry.yarnpkg.com/shebang-regex/-/shebang-regex-3.0.0.tgz#ae16f1644d873ecad843b0307b143362d4c42172"
    integrity sha512-7++dFhtcx3353uBaq8DDR4NuxBetBzC7ZQOhmTQInHEd6bSrXdiEyzCvG07Z44UYdLShWUyXt5M/yhz8ekcb1A==
  
  shell-quote@^1.6.1:
    version "1.7.4"
    resolved "https://registry.yarnpkg.com/shell-quote/-/shell-quote-1.7.4.tgz#33fe15dee71ab2a81fcbd3a52106c5cfb9fb75d8"
    integrity sha512-8o/QEhSSRb1a5i7TFR0iM4G16Z0vYB2OQVs4G3aAFXjn3T6yEx8AZxy1PgDF7I00LZHYA3WxaSYIf5e5sAX8Rw==
  
  shiki@^0.11.1:
    version "0.11.1"
    resolved "https://registry.yarnpkg.com/shiki/-/shiki-0.11.1.tgz#df0f719e7ab592c484d8b73ec10e215a503ab8cc"
    integrity sha512-EugY9VASFuDqOexOgXR18ZV+TbFrQHeCpEYaXamO+SZlsnT/2LxuLBX25GGtIrwaEVFXUAbUQ601SWE2rMwWHA==
    dependencies:
      jsonc-parser "^3.0.0"
      vscode-oniguruma "^1.6.1"
      vscode-textmate "^6.0.0"
  
  side-channel@^1.0.4:
    version "1.0.4"
    resolved "https://registry.yarnpkg.com/side-channel/-/side-channel-1.0.4.tgz#efce5c8fdc104ee751b25c58d4290011fa5ea2cf"
    integrity sha512-q5XPytqFEIKHkGdiMIrY10mvLRvnQh42/+GoBlFW3b2LXLE2xxJpZFdm94we0BaoV3RwJyGqg5wS7epxTv0Zvw==
    dependencies:
      call-bind "^1.0.0"
      get-intrinsic "^1.0.2"
      object-inspect "^1.9.0"
  
  signal-exit@^3.0.0, signal-exit@^3.0.3, signal-exit@^3.0.7:
    version "3.0.7"
    resolved "https://registry.yarnpkg.com/signal-exit/-/signal-exit-3.0.7.tgz#a9a1767f8af84155114eaabd73f99273c8f59ad9"
    integrity sha512-wnD2ZE+l+SPC/uoS0vXeE9L1+0wuaMqKlfz9AMUo38JsyLSBWSFcHR1Rri62LZc12vLr1gb3jl7iwQhgwpAbGQ==
  
  sirv-cli@^2.0.2:
    version "2.0.2"
    resolved "https://registry.yarnpkg.com/sirv-cli/-/sirv-cli-2.0.2.tgz#4b25ff8dc577be41588357c1f87fbf264a1bba55"
    integrity sha512-OtSJDwxsF1NWHc7ps3Sa0s+dPtP15iQNJzfKVz+MxkEo3z72mCD+yu30ct79rPr0CaV1HXSOBp+MIY5uIhHZ1A==
    dependencies:
      console-clear "^1.1.0"
      get-port "^3.2.0"
      kleur "^4.1.4"
      local-access "^1.0.1"
      sade "^1.6.0"
      semiver "^1.0.0"
      sirv "^2.0.0"
      tinydate "^1.0.0"
  
  sirv@^2.0.0:
    version "2.0.2"
    resolved "https://registry.yarnpkg.com/sirv/-/sirv-2.0.2.tgz#128b9a628d77568139cff85703ad5497c46a4760"
    integrity sha512-4Qog6aE29nIjAOKe/wowFTxOdmbEZKb+3tsLljaBRzJwtqto0BChD2zzH0LhgCSXiI+V7X+Y45v14wBZQ1TK3w==
    dependencies:
      "@polka/url" "^1.0.0-next.20"
      mrmime "^1.0.0"
      totalist "^3.0.0"
  
  sisteransi@^1.0.5:
    version "1.0.5"
    resolved "https://registry.yarnpkg.com/sisteransi/-/sisteransi-1.0.5.tgz#134d681297756437cc05ca01370d3a7a571075ed"
    integrity sha512-bLGGlR1QxBcynn2d5YmDX4MGjlZvy2MRBDRNHLJ8VI6l6+9FUiyTFNJ0IveOSP0bcXgVDPRcfGqA0pjaqUpfVg==
  
  slash@^3.0.0:
    version "3.0.0"
    resolved "https://registry.yarnpkg.com/slash/-/slash-3.0.0.tgz#6539be870c165adbd5240220dbe361f1bc4d4634"
    integrity sha512-g9Q1haeby36OSStwb4ntCGGGaKsaVSjQ68fBxoQcutl5fS1vuY18H3wSt3jFyFtrkx+Kz0V1G85A4MyAdDMi2Q==
  
  slice-ansi@^4.0.0:
    version "4.0.0"
    resolved "https://registry.yarnpkg.com/slice-ansi/-/slice-ansi-4.0.0.tgz#500e8dd0fd55b05815086255b3195adf2a45fe6b"
    integrity sha512-qMCMfhY040cVHT43K9BFygqYbUPFZKHOg7K73mtTWJRb8pyP3fzf4Ixd5SzdEJQ6MRUg/WBnOLxghZtKKurENQ==
    dependencies:
      ansi-styles "^4.0.0"
      astral-regex "^2.0.0"
      is-fullwidth-code-point "^3.0.0"
  
  smart-buffer@^4.2.0:
    version "4.2.0"
    resolved "https://registry.yarnpkg.com/smart-buffer/-/smart-buffer-4.2.0.tgz#6e1d71fa4f18c05f7d0ff216dd16a481d0e8d9ae"
    integrity sha512-94hK0Hh8rPqQl2xXc3HsaBoOXKV20MToPkcXvwbISWLEs+64sBq5kFgn2kJDHb1Pry9yrP0dxrCI9RRci7RXKg==
  
  socks-proxy-agent@^6.0.0:
    version "6.2.1"
    resolved "https://registry.yarnpkg.com/socks-proxy-agent/-/socks-proxy-agent-6.2.1.tgz#2687a31f9d7185e38d530bef1944fe1f1496d6ce"
    integrity sha512-a6KW9G+6B3nWZ1yB8G7pJwL3ggLy1uTzKAgCb7ttblwqdz9fMGJUuTy3uFzEP48FAs9FLILlmzDlE2JJhVQaXQ==
    dependencies:
      agent-base "^6.0.2"
      debug "^4.3.3"
      socks "^2.6.2"
  
  socks@^2.6.2:
    version "2.7.1"
    resolved "https://registry.yarnpkg.com/socks/-/socks-2.7.1.tgz#d8e651247178fde79c0663043e07240196857d55"
    integrity sha512-7maUZy1N7uo6+WVEX6psASxtNlKaNVMlGQKkG/63nEDdLOWNbiUMoLK7X4uYoLhQstau72mLgfEWcXcwsaHbYQ==
    dependencies:
      ip "^2.0.0"
      smart-buffer "^4.2.0"
  
  sorcery@^0.10.0:
    version "0.10.0"
    resolved "https://registry.yarnpkg.com/sorcery/-/sorcery-0.10.0.tgz#8ae90ad7d7cb05fc59f1ab0c637845d5c15a52b7"
    integrity sha512-R5ocFmKZQFfSTstfOtHjJuAwbpGyf9qjQa1egyhvXSbM7emjrtLXtGdZsDJDABC85YBfVvrOiGWKSYXPKdvP1g==
    dependencies:
      buffer-crc32 "^0.2.5"
      minimist "^1.2.0"
      sander "^0.5.0"
      sourcemap-codec "^1.3.0"
  
  source-map-js@^1.0.2:
    version "1.0.2"
    resolved "https://registry.yarnpkg.com/source-map-js/-/source-map-js-1.0.2.tgz#adbc361d9c62df380125e7f161f71c826f1e490c"
    integrity sha512-R0XvVJ9WusLiqTCEiGCmICCMplcCkIwwR11mOSD9CR5u+IXYdiseeEuXCVAjS54zqwkLcPNnmU4OeJ6tUrWhDw==
  
  source-map-support@0.5.21, source-map-support@~0.5.20:
    version "0.5.21"
    resolved "https://registry.yarnpkg.com/source-map-support/-/source-map-support-0.5.21.tgz#04fe7c7f9e1ed2d662233c28cb2b35b9f63f6e4f"
    integrity sha512-uBHU3L3czsIyYXKX88fdrGovxdSCoTGDRZ6SYXtSRxLZUzHg5P/66Ht6uoUlHu9EZod+inXhKo3qQgwXUT/y1w==
    dependencies:
      buffer-from "^1.0.0"
      source-map "^0.6.0"
  
  source-map@^0.6.0, source-map@~0.6.1:
    version "0.6.1"
    resolved "https://registry.yarnpkg.com/source-map/-/source-map-0.6.1.tgz#74722af32e9614e9c287a8d0bbde48b5e2f1a263"
    integrity sha512-UjgapumWlbMhkBgzT7Ykc5YXUT46F0iKu8SGXq0bcwP5dz/h0Plj6enJqjz1Zbq2l5WaqYnrVbwWOWMyF3F47g==
  
  source-map@^0.7.3:
    version "0.7.4"
    resolved "https://registry.yarnpkg.com/source-map/-/source-map-0.7.4.tgz#a9bbe705c9d8846f4e08ff6765acf0f1b0898656"
    integrity sha512-l3BikUxvPOcn5E74dZiq5BGsTb5yEwhaTSzccU6t4sDOH8NWJCstKO5QT2CvtFoK6F0saL7p9xHAqHOlCPJygA==
  
  sourcemap-codec@^1.3.0, sourcemap-codec@^1.4.8:
    version "1.4.8"
    resolved "https://registry.yarnpkg.com/sourcemap-codec/-/sourcemap-codec-1.4.8.tgz#ea804bd94857402e6992d05a38ef1ae35a9ab4c4"
    integrity sha512-9NykojV5Uih4lgo5So5dtw+f0JgJX30KCNI8gwhz2J9A15wD0Ml6tjHKwf6fTSa6fAdVBdZeNOs9eJ71qCk8vA==
  
  spdx-correct@^3.0.0:
    version "3.1.1"
    resolved "https://registry.yarnpkg.com/spdx-correct/-/spdx-correct-3.1.1.tgz#dece81ac9c1e6713e5f7d1b6f17d468fa53d89a9"
    integrity sha512-cOYcUWwhCuHCXi49RhFRCyJEK3iPj1Ziz9DpViV3tbZOwXD49QzIN3MpOLJNxh2qwq2lJJZaKMVw9qNi4jTC0w==
    dependencies:
      spdx-expression-parse "^3.0.0"
      spdx-license-ids "^3.0.0"
  
  spdx-exceptions@^2.1.0:
    version "2.3.0"
    resolved "https://registry.yarnpkg.com/spdx-exceptions/-/spdx-exceptions-2.3.0.tgz#3f28ce1a77a00372683eade4a433183527a2163d"
    integrity sha512-/tTrYOC7PPI1nUAgx34hUpqXuyJG+DTHJTnIULG4rDygi4xu/tfgmq1e1cIRwRzwZgo4NLySi+ricLkZkw4i5A==
  
  spdx-expression-parse@^3.0.0:
    version "3.0.1"
    resolved "https://registry.yarnpkg.com/spdx-expression-parse/-/spdx-expression-parse-3.0.1.tgz#cf70f50482eefdc98e3ce0a6833e4a53ceeba679"
    integrity sha512-cbqHunsQWnJNE6KhVSMsMeH5H/L9EpymbzqTQ3uLwNCLZ1Q481oWaofqH7nO6V07xlXwY6PhQdQ2IedWx/ZK4Q==
    dependencies:
      spdx-exceptions "^2.1.0"
      spdx-license-ids "^3.0.0"
  
  spdx-license-ids@^3.0.0:
    version "3.0.12"
    resolved "https://registry.yarnpkg.com/spdx-license-ids/-/spdx-license-ids-3.0.12.tgz#69077835abe2710b65f03969898b6637b505a779"
    integrity sha512-rr+VVSXtRhO4OHbXUiAF7xW3Bo9DuuF6C5jH+q/x15j2jniycgKbxU09Hr0WqlSLUs4i4ltHGXqTe7VHclYWyA==
  
  split2@^4.1.0:
    version "4.1.0"
    resolved "https://registry.yarnpkg.com/split2/-/split2-4.1.0.tgz#101907a24370f85bb782f08adaabe4e281ecf809"
    integrity sha512-VBiJxFkxiXRlUIeyMQi8s4hgvKCSjtknJv/LVYbrgALPwf5zSKmEwV9Lst25AkvMDnvxODugjdl6KZgwKM1WYQ==
  
  sshpk@^1.7.0:
    version "1.17.0"
    resolved "https://registry.yarnpkg.com/sshpk/-/sshpk-1.17.0.tgz#578082d92d4fe612b13007496e543fa0fbcbe4c5"
    integrity sha512-/9HIEs1ZXGhSPE8X6Ccm7Nam1z8KcoCqPdI7ecm1N33EzAetWahvQWVqLZtaZQ+IDKX4IyA2o0gBzqIMkAagHQ==
    dependencies:
      asn1 "~0.2.3"
      assert-plus "^1.0.0"
      bcrypt-pbkdf "^1.0.0"
      dashdash "^1.12.0"
      ecc-jsbn "~0.1.1"
      getpass "^0.1.1"
      jsbn "~0.1.0"
      safer-buffer "^2.0.2"
      tweetnacl "~0.14.0"
  
  ssri@^8.0.0, ssri@^8.0.1:
    version "8.0.1"
    resolved "https://registry.yarnpkg.com/ssri/-/ssri-8.0.1.tgz#638e4e439e2ffbd2cd289776d5ca457c4f51a2af"
    integrity sha512-97qShzy1AiyxvPNIkLWoGua7xoQzzPjQ0HAH4B0rWKo7SZ6USuPcrUiAFrws0UH8RrbWmgq3LMTObhPIHbbBeQ==
    dependencies:
      minipass "^3.1.1"
  
  stdout-stream@^1.4.0:
    version "1.4.1"
    resolved "https://registry.yarnpkg.com/stdout-stream/-/stdout-stream-1.4.1.tgz#5ac174cdd5cd726104aa0c0b2bd83815d8d535de"
    integrity sha512-j4emi03KXqJWcIeF8eIXkjMFN1Cmb8gUlDYGeBALLPo5qdyTfA9bOtl8m33lRoC+vFMkP3gl0WsDr6+gzxbbTA==
    dependencies:
      readable-stream "^2.0.1"
  
  string-template@1.0.0:
    version "1.0.0"
    resolved "https://registry.yarnpkg.com/string-template/-/string-template-1.0.0.tgz#9e9f2233dc00f218718ec379a28a5673ecca8b96"
    integrity sha512-SLqR3GBUXuoPP5MmYtD7ompvXiG87QjT6lzOszyXjTM86Uu7At7vNnt2xgyTLq5o9T4IxTYFyGxcULqpsmsfdg==
  
  "string-width@^1.0.2 || 2 || 3 || 4", string-width@^4.1.0, string-width@^4.2.0, string-width@^4.2.3:
    version "4.2.3"
    resolved "https://registry.yarnpkg.com/string-width/-/string-width-4.2.3.tgz#269c7117d27b05ad2e536830a8ec895ef9c6d010"
    integrity sha512-wKyQRQpjJ0sIp62ErSZdGsjMJWsap5oRNihHhu6G7JVO/9jIB6UyevL+tXuOqrng8j/cxKTWyWUwvSTriiZz/g==
    dependencies:
      emoji-regex "^8.0.0"
      is-fullwidth-code-point "^3.0.0"
      strip-ansi "^6.0.1"
  
  string.prototype.padend@^3.0.0:
    version "3.1.3"
    resolved "https://registry.yarnpkg.com/string.prototype.padend/-/string.prototype.padend-3.1.3.tgz#997a6de12c92c7cb34dc8a201a6c53d9bd88a5f1"
    integrity sha512-jNIIeokznm8SD/TZISQsZKYu7RJyheFNt84DUPrh482GC8RVp2MKqm2O5oBRdGxbDQoXrhhWtPIWQOiy20svUg==
    dependencies:
      call-bind "^1.0.2"
      define-properties "^1.1.3"
      es-abstract "^1.19.1"
  
  string.prototype.trimend@^1.0.5:
    version "1.0.5"
    resolved "https://registry.yarnpkg.com/string.prototype.trimend/-/string.prototype.trimend-1.0.5.tgz#914a65baaab25fbdd4ee291ca7dde57e869cb8d0"
    integrity sha512-I7RGvmjV4pJ7O3kdf+LXFpVfdNOxtCW/2C8f6jNiW4+PQchwxkCDzlk1/7p+Wl4bqFIZeF47qAHXLuHHWKAxog==
    dependencies:
      call-bind "^1.0.2"
      define-properties "^1.1.4"
      es-abstract "^1.19.5"
  
  string.prototype.trimstart@^1.0.5:
    version "1.0.5"
    resolved "https://registry.yarnpkg.com/string.prototype.trimstart/-/string.prototype.trimstart-1.0.5.tgz#5466d93ba58cfa2134839f81d7f42437e8c01fef"
    integrity sha512-THx16TJCGlsN0o6dl2o6ncWUsdgnLRSA23rRE5pyGBw/mLr3Ej/R2LaqCtgP8VNMGZsvMWnf9ooZPyY2bHvUFg==
    dependencies:
      call-bind "^1.0.2"
      define-properties "^1.1.4"
      es-abstract "^1.19.5"
  
  string_decoder@^1.1.1:
    version "1.3.0"
    resolved "https://registry.yarnpkg.com/string_decoder/-/string_decoder-1.3.0.tgz#42f114594a46cf1a8e30b0a84f56c78c3edac21e"
    integrity sha512-hkRX8U1WjJFd8LsDJ2yQ/wWWxaopEsABU1XfkM8A+j0+85JAGppt16cr1Whg6KIbb4okU6Mql6BOj+uup/wKeA==
    dependencies:
      safe-buffer "~5.2.0"
  
  string_decoder@~1.1.1:
    version "1.1.1"
    resolved "https://registry.yarnpkg.com/string_decoder/-/string_decoder-1.1.1.tgz#9cf1611ba62685d7030ae9e4ba34149c3af03fc8"
    integrity sha512-n/ShnvDi6FHbbVfviro+WojiFzv+s8MPMHBczVePfUpDJLwoLT0ht1l4YwBCbi8pJAveEEdnkHyPyTP/mzRfwg==
    dependencies:
      safe-buffer "~5.1.0"
  
  stringz@2.1.0:
    version "2.1.0"
    resolved "https://registry.yarnpkg.com/stringz/-/stringz-2.1.0.tgz#5896b4713eac31157556040fb90258fb02c1630c"
    integrity sha512-KlywLT+MZ+v0IRepfMxRtnSvDCMc3nR1qqCs3m/qIbSOWkNZYT8XHQA31rS3TnKp0c5xjZu3M4GY/2aRKSi/6A==
    dependencies:
      char-regex "^1.0.2"
  
  strip-ansi@^6.0.0, strip-ansi@^6.0.1:
    version "6.0.1"
    resolved "https://registry.yarnpkg.com/strip-ansi/-/strip-ansi-6.0.1.tgz#9e26c63d30f53443e9489495b2105d37b67a85d9"
    integrity sha512-Y38VPSHcqkFrCpFnQ9vuSXmquuv5oXOKpGeT6aGrr3o3Gc9AlVa6JBfUSOCnbxGGZF+/0ooI7KrPuUSztUdU5A==
    dependencies:
      ansi-regex "^5.0.1"
  
  strip-bom@^3.0.0:
    version "3.0.0"
    resolved "https://registry.yarnpkg.com/strip-bom/-/strip-bom-3.0.0.tgz#2334c18e9c759f7bdd56fdef7e9ae3d588e68ed3"
    integrity sha512-vavAMRXOgBVNF6nyEEmL3DBK19iRpDcoIwW+swQ+CbGiu7lju6t+JklA1MHweoWtadgt4ISVUsXLyDq34ddcwA==
  
  strip-indent@^3.0.0:
    version "3.0.0"
    resolved "https://registry.yarnpkg.com/strip-indent/-/strip-indent-3.0.0.tgz#c32e1cee940b6b3432c771bc2c54bcce73cd3001"
    integrity sha512-laJTa3Jb+VQpaC6DseHhF7dXVqHTfJPCRDaEbid/drOhgitgYku/letMUqOXFoWV0zIIUbjpdH2t+tYj4bQMRQ==
    dependencies:
      min-indent "^1.0.0"
  
  strip-json-comments@^3.1.0, strip-json-comments@^3.1.1:
    version "3.1.1"
    resolved "https://registry.yarnpkg.com/strip-json-comments/-/strip-json-comments-3.1.1.tgz#31f1281b3832630434831c310c01cccda8cbe006"
    integrity sha512-6fPc+R4ihwqP6N/aIv2f1gMH8lOVtWQHoqC4yK6oSDVVocumAsfCqjkXnqiYMhmMwS/mEHLp7Vehlt3ql6lEig==
  
  supports-color@^5.3.0:
    version "5.5.0"
    resolved "https://registry.yarnpkg.com/supports-color/-/supports-color-5.5.0.tgz#e2e69a44ac8772f78a1ec0b35b689df6530efc8f"
    integrity sha512-QjVjwdXIt408MIiAqCX4oUKsgU2EqAGzs2Ppkm4aQYbjm+ZEWEcW4SfFNTr4uMNZma0ey4f5lgLrkB0aX0QMow==
    dependencies:
      has-flag "^3.0.0"
  
  supports-color@^7.0.0, supports-color@^7.1.0:
    version "7.2.0"
    resolved "https://registry.yarnpkg.com/supports-color/-/supports-color-7.2.0.tgz#1b7dcdcb32b8138801b3e478ba6a51caa89648da"
    integrity sha512-qpCAvRl9stuOHveKsn7HncJRvv501qIacKzQlO/+Lwxc9+0q2wLyv4Dfvt80/DPn2pqOBsJdDiogXGR9+OvwRw==
    dependencies:
      has-flag "^4.0.0"
  
  supports-preserve-symlinks-flag@^1.0.0:
    version "1.0.0"
    resolved "https://registry.yarnpkg.com/supports-preserve-symlinks-flag/-/supports-preserve-symlinks-flag-1.0.0.tgz#6eda4bd344a3c94aea376d4cc31bc77311039e09"
    integrity sha512-ot0WnXS9fgdkgIcePe6RHNk1WA8+muPa6cSjeR3V8K27q9BB1rTE3R1p7Hv0z1ZyAc8s6Vvv8DIyWf681MAt0w==
  
  svelte-as-markup-preprocessor@^0.3.0:
    version "0.3.0"
    resolved "https://registry.yarnpkg.com/svelte-as-markup-preprocessor/-/svelte-as-markup-preprocessor-0.3.0.tgz#ce2f552766fff6001a9f77760da7ccbdba901ca9"
    integrity sha512-8MAKwOC3Laa0RMO6weZdDiJ2i+SuMkMLv1bHulhhpGnS7+3Snp63hmCWABAjqV1kb4Wgf1hWhwffsSswSEPDbA==
  
  svelte-check@^2.9.2:
    version "2.9.2"
    resolved "https://registry.yarnpkg.com/svelte-check/-/svelte-check-2.9.2.tgz#6581b750aa51cf476e82139a674a9bfa4de2ec2d"
    integrity sha512-DRi8HhnCiqiGR2YF9ervPGvtoYrheE09cXieCTEqeTPOTJzfoa54Py8rovIBv4bH4n5HgZYIyTQ3DDLHQLl2uQ==
    dependencies:
      "@jridgewell/trace-mapping" "^0.3.9"
      chokidar "^3.4.1"
      fast-glob "^3.2.7"
      import-fresh "^3.2.1"
      picocolors "^1.0.0"
      sade "^1.7.4"
      svelte-preprocess "^4.0.0"
      typescript "*"
  
  svelte-fa@^3.0.3:
    version "3.0.3"
    resolved "https://registry.yarnpkg.com/svelte-fa/-/svelte-fa-3.0.3.tgz#49aa8627725b2533fb4d109b39cd8e64f7e54b7c"
    integrity sha512-GIikJjcVCD+5Y/x9hZc2R4gvuA0gVftacuWu1a+zVQWSFjFYZ+hhU825x+QNs2slsppfrgmFiUyU9Sz9gj4Rdw==
  
  svelte-preprocess-cssmodules@^2.2.3:
    version "2.2.3"
    resolved "https://registry.yarnpkg.com/svelte-preprocess-cssmodules/-/svelte-preprocess-cssmodules-2.2.3.tgz#284b372b3256ef3337d3f801f4164877ee729a18"
    integrity sha512-CO6q6oQw5yihKJnvMJfDLojs0aep5RFpiwduJg2fOcAwqNbgr8xmLjPo07IuHOzrDUxZt5AmE5BJMG8tjT9NLQ==
    dependencies:
      acorn "^8.5.0"
      big.js "^6.1.1"
      magic-string "^0.25.7"
  
  svelte-preprocess@^4.0.0, svelte-preprocess@^4.10.7:
    version "4.10.7"
    resolved "https://registry.yarnpkg.com/svelte-preprocess/-/svelte-preprocess-4.10.7.tgz#3626de472f51ffe20c9bc71eff5a3da66797c362"
    integrity sha512-sNPBnqYD6FnmdBrUmBCaqS00RyCsCpj2BG58A1JBswNF7b0OKviwxqVrOL/CKyJrLSClrSeqQv5BXNg2RUbPOw==
    dependencies:
      "@types/pug" "^2.0.4"
      "@types/sass" "^1.16.0"
      detect-indent "^6.0.0"
      magic-string "^0.25.7"
      sorcery "^0.10.0"
      strip-indent "^3.0.0"
  
  svelte2tsx@~0.5.0:
    version "0.5.20"
    resolved "https://registry.yarnpkg.com/svelte2tsx/-/svelte2tsx-0.5.20.tgz#0ac5411b53d6b6913b12e12a02c03ce9eb13e945"
    integrity sha512-yNHmN/uoAnJ7d1XqVohiNA6TMFOxibHyEddUAHVt1PiLXtbwAJF3WaGYlg8QbOdoXzOVsVNCAlqRUIdULUm+OA==
    dependencies:
      dedent-js "^1.0.1"
      pascal-case "^3.1.1"
  
  svelte@^3.52.0:
    version "3.52.0"
    resolved "https://registry.yarnpkg.com/svelte/-/svelte-3.52.0.tgz#08259eff20904c63882b66a5d409a55e8c6743b8"
    integrity sha512-FxcnEUOAVfr10vDU5dVgJN19IvqeHQCS1zfe8vayTfis9A2t5Fhx+JDe5uv/C3j//bB1umpLJ6quhgs9xyUbCQ==
  
  taffydb@2.6.2:
    version "2.6.2"
    resolved "https://registry.yarnpkg.com/taffydb/-/taffydb-2.6.2.tgz#7cbcb64b5a141b6a2efc2c5d2c67b4e150b2a268"
    integrity sha512-y3JaeRSplks6NYQuCOj3ZFMO3j60rTwbuKCvZxsAraGYH2epusatvZ0baZYA01WsGqJBq/Dl6vOrMUJqyMj8kA==
  
  tar@^6.0.2, tar@^6.1.11, tar@^6.1.2:
    version "6.1.11"
    resolved "https://registry.yarnpkg.com/tar/-/tar-6.1.11.tgz#6760a38f003afa1b2ffd0ffe9e9abbd0eab3d621"
    integrity sha512-an/KZQzQUkZCkuoAA64hM92X0Urb6VpRhAFllDzz44U2mcD5scmT3zBc4VgVpkugF580+DQn8eAFSyoQt0tznA==
    dependencies:
      chownr "^2.0.0"
      fs-minipass "^2.0.0"
      minipass "^3.0.0"
      minizlib "^2.1.1"
      mkdirp "^1.0.3"
      yallist "^4.0.0"
  
  terser@^5.0.0:
    version "5.15.1"
    resolved "https://registry.yarnpkg.com/terser/-/terser-5.15.1.tgz#8561af6e0fd6d839669c73b92bdd5777d870ed6c"
    integrity sha512-K1faMUvpm/FBxjBXud0LWVAGxmvoPbZbfTCYbSgaaYQaIXI3/TdI7a7ZGA73Zrou6Q8Zmz3oeUTsp/dj+ag2Xw==
    dependencies:
      "@jridgewell/source-map" "^0.3.2"
      acorn "^8.5.0"
      commander "^2.20.0"
      source-map-support "~0.5.20"
  
  text-segmentation@^1.0.3:
    version "1.0.3"
    resolved "https://registry.yarnpkg.com/text-segmentation/-/text-segmentation-1.0.3.tgz#52a388159efffe746b24a63ba311b6ac9f2d7943"
    integrity sha512-iOiPUo/BGnZ6+54OsWxZidGCsdU8YbE4PSpdPinp7DeMtUJNJBoJ/ouUSTJjHkh1KntHaltHl/gDs2FC4i5+Nw==
    dependencies:
      utrie "^1.0.2"
  
  text-table@^0.2.0:
    version "0.2.0"
    resolved "https://registry.yarnpkg.com/text-table/-/text-table-0.2.0.tgz#7f5ee823ae805207c00af2df4a84ec3fcfa570b4"
    integrity sha512-N+8UisAXDGk8PFXP4HAzVR9nbfmVJ3zYLAWiTIoqC5v5isinhr+r5uaO8+7r3BMfuNIufIsA7RdpVgacC2cSpw==
  
  through2@^4.0.2:
    version "4.0.2"
    resolved "https://registry.yarnpkg.com/through2/-/through2-4.0.2.tgz#a7ce3ac2a7a8b0b966c80e7c49f0484c3b239764"
    integrity sha512-iOqSav00cVxEEICeD7TjLB1sueEL+81Wpzp2bY17uZjZN0pWZPuo4suZ/61VujxmqSGFfgOcNuTZ85QJwNZQpw==
    dependencies:
      readable-stream "3"
  
  tinydate@^1.0.0:
    version "1.3.0"
    resolved "https://registry.yarnpkg.com/tinydate/-/tinydate-1.3.0.tgz#e6ca8e5a22b51bb4ea1c3a2a4fd1352dbd4c57fb"
    integrity sha512-7cR8rLy2QhYHpsBDBVYnnWXm8uRTr38RoZakFSW7Bs7PzfMPNZthuMLkwqZv7MTu8lhQ91cOFYS5a7iFj2oR3w==
  
  to-regex-range@^5.0.1:
    version "5.0.1"
    resolved "https://registry.yarnpkg.com/to-regex-range/-/to-regex-range-5.0.1.tgz#1648c44aae7c8d988a326018ed72f5b4dd0392e4"
    integrity sha512-65P7iz6X5yEr1cwcgvQxbbIw7Uk3gOy5dIdtZ4rDveLqhrdJP+Li/Hx6tyK0NEb+2GCyneCMJiGqrADCSNk8sQ==
    dependencies:
      is-number "^7.0.0"
  
  totalist@^3.0.0:
    version "3.0.0"
    resolved "https://registry.yarnpkg.com/totalist/-/totalist-3.0.0.tgz#4ef9c58c5f095255cdc3ff2a0a55091c57a3a1bd"
    integrity sha512-eM+pCBxXO/njtF7vdFsHuqb+ElbxqtI4r5EAvk6grfAFyJ6IvWlSkfZ5T9ozC6xWw3Fj1fGoSmrl0gUs46JVIw==
  
  tough-cookie@~2.5.0:
    version "2.5.0"
    resolved "https://registry.yarnpkg.com/tough-cookie/-/tough-cookie-2.5.0.tgz#cd9fb2a0aa1d5a12b473bd9fb96fa3dcff65ade2"
    integrity sha512-nlLsUzgm1kfLXSXfRZMc1KLAugd4hqJHDTvc2hDIwS3mZAfMEuMbc03SujMF+GEcpaX/qboeycw6iO8JwVv2+g==
    dependencies:
      psl "^1.1.28"
      punycode "^2.1.1"
  
  tr46@~0.0.3:
    version "0.0.3"
    resolved "https://registry.yarnpkg.com/tr46/-/tr46-0.0.3.tgz#8184fd347dac9cdc185992f3a6622e14b9d9ab6a"
    integrity sha512-N3WMsuqV66lT30CrXNbEjx4GEwlow3v6rr4mCcv6prnfwhS01rkgyFdjPNBYd9br7LpXV1+Emh01fHnq2Gdgrw==
  
  tree-kill@^1.2.2:
    version "1.2.2"
    resolved "https://registry.yarnpkg.com/tree-kill/-/tree-kill-1.2.2.tgz#4ca09a9092c88b73a7cdc5e8a01b507b0790a0cc"
    integrity sha512-L0Orpi8qGpRG//Nd+H90vFB+3iHnue1zSSGmNOOCh1GLJ7rUKVwV2HvijphGQS2UmhUZewS9VgvxYIdgr+fG1A==
  
  trim-newlines@^3.0.0:
    version "3.0.1"
    resolved "https://registry.yarnpkg.com/trim-newlines/-/trim-newlines-3.0.1.tgz#260a5d962d8b752425b32f3a7db0dcacd176c144"
    integrity sha512-c1PTsA3tYrIsLGkJkzHF+w9F2EyxfXGo4UyJc4pFL++FMjnq0HJS69T3M7d//gKrFKwy429bouPescbjecU+Zw==
  
  "true-case-path@^1.0.2":
    version "1.0.3"
    resolved "https://registry.yarnpkg.com/true-case-path/-/true-case-path-1.0.3.tgz#f813b5a8c86b40da59606722b144e3225799f47d"
    integrity sha512-m6s2OdQe5wgpFMC+pAJ+q9djG82O2jcHPOI6RNg1yy9rCYR+WD6Nbpl32fDpfC56nirdRy+opFa/Vk7HYhqaew==
    dependencies:
      glob "^7.1.2"
  
  tslib@2.3.1:
    version "2.3.1"
    resolved "https://registry.yarnpkg.com/tslib/-/tslib-2.3.1.tgz#e8a335add5ceae51aa261d32a490158ef042ef01"
    integrity sha512-77EbyPPpMz+FRFRuAFlWMtmgUWGe9UOG2Z25NqCwiIjRhOf5iKGuzSe5P2w1laq+FkRy4p+PCuVkJSGkzTEKVw==
  
  tslib@^1.8.1, tslib@^1.9.0:
    version "1.14.1"
    resolved "https://registry.yarnpkg.com/tslib/-/tslib-1.14.1.tgz#cf2d38bdc34a134bcaf1091c41f6619e2f672d00"
    integrity sha512-Xni35NKzjgMrwevysHTCArtLDpPvye8zV/0E4EyYn43P7/7qvQwPh9BGkHewbMulVntbigmcT7rdX3BNo9wRJg==
  
  tslib@^2.0.1, tslib@^2.0.3, tslib@^2.1.0, tslib@^2.4.0:
    version "2.4.0"
    resolved "https://registry.yarnpkg.com/tslib/-/tslib-2.4.0.tgz#7cecaa7f073ce680a05847aa77be941098f36dc3"
    integrity sha512-d6xOpEDfsi2CZVlPQzGeux8XMwLT9hssAsaPYExaQMuYskwb+x1x7J371tWlbBdWHroy99KnVB6qIkUbs5X3UQ==
  
  tsutils@^3.21.0:
    version "3.21.0"
    resolved "https://registry.yarnpkg.com/tsutils/-/tsutils-3.21.0.tgz#b48717d394cea6c1e096983eed58e9d61715b623"
    integrity sha512-mHKK3iUXL+3UF6xL5k0PEhKRUBKPBCv/+RkEOpjRWxxx27KKRBmmA60A9pgOUvMi8GKhRMPEmjBRPzs2W7O1OA==
    dependencies:
      tslib "^1.8.1"
  
  tunnel-agent@^0.6.0:
    version "0.6.0"
    resolved "https://registry.yarnpkg.com/tunnel-agent/-/tunnel-agent-0.6.0.tgz#27a5dea06b36b04a0a9966774b290868f0fc40fd"
    integrity sha512-McnNiV1l8RYeY8tBgEpuodCC1mLUdbSN+CYBL7kJsJNInOP8UjDDEwdk6Mw60vdLLrr5NHKZhMAOSrR2NZuQ+w==
    dependencies:
      safe-buffer "^5.0.1"
  
  tweetnacl@^0.14.3, tweetnacl@~0.14.0:
    version "0.14.5"
    resolved "https://registry.yarnpkg.com/tweetnacl/-/tweetnacl-0.14.5.tgz#5ae68177f192d4456269d108afa93ff8743f4f64"
    integrity sha512-KXXFFdAbFXY4geFIwoyNK+f5Z1b7swfXABfL7HXCmoIWMKU3dmS26672A4EeQtDzLKy7SXmfBu51JolvEKwtGA==
  
  type-check@^0.4.0, type-check@~0.4.0:
    version "0.4.0"
    resolved "https://registry.yarnpkg.com/type-check/-/type-check-0.4.0.tgz#07b8203bfa7056c0657050e3ccd2c37730bab8f1"
    integrity sha512-XleUoc9uwGXqjWwXaUTZAmzMcFZ5858QA2vvx1Ur5xIcixXIP+8LnFDgRplU30us6teqdlskFfu+ae4K79Ooew==
    dependencies:
      prelude-ls "^1.2.1"
  
  type-check@~0.3.2:
    version "0.3.2"
    resolved "https://registry.yarnpkg.com/type-check/-/type-check-0.3.2.tgz#5884cab512cf1d355e3fb784f30804b2b520db72"
    integrity sha512-ZCmOJdvOWDBYJlzAoFkC+Q0+bUyEOS1ltgp1MGU03fqHG+dbi9tBFU2Rd9QKiDZFAYrhPh2JUf7rZRIuHRKtOg==
    dependencies:
      prelude-ls "~1.1.2"
  
  type-fest@^0.18.0:
    version "0.18.1"
    resolved "https://registry.yarnpkg.com/type-fest/-/type-fest-0.18.1.tgz#db4bc151a4a2cf4eebf9add5db75508db6cc841f"
    integrity sha512-OIAYXk8+ISY+qTOwkHtKqzAuxchoMiD9Udx+FSGQDuiRR+PJKJHc2NJAXlbhkGwTt/4/nKZxELY1w3ReWOL8mw==
  
  type-fest@^0.20.2:
    version "0.20.2"
    resolved "https://registry.yarnpkg.com/type-fest/-/type-fest-0.20.2.tgz#1bf207f4b28f91583666cb5fbd327887301cd5f4"
    integrity sha512-Ne+eE4r0/iWnpAxD852z3A+N0Bt5RN//NjJwRd2VFHEmrywxf5vsZlh4R6lixl6B+wz/8d+maTSAkN1FIkI3LQ==
  
  type-fest@^0.6.0:
    version "0.6.0"
    resolved "https://registry.yarnpkg.com/type-fest/-/type-fest-0.6.0.tgz#8d2a2370d3df886eb5c90ada1c5bf6188acf838b"
    integrity sha512-q+MB8nYR1KDLrgr4G5yemftpMC7/QLqVndBmEEdqzmNj5dcFOO4Oo8qlwZE3ULT3+Zim1F8Kq4cBnikNhlCMlg==
  
  type-fest@^0.8.1:
    version "0.8.1"
    resolved "https://registry.yarnpkg.com/type-fest/-/type-fest-0.8.1.tgz#09e249ebde851d3b1e48d27c105444667f17b83d"
    integrity sha512-4dbzIzqvjtgiM5rw1k5rEHtBANKmdudhGyBEajN01fEyhaAIhsoKNy6y7+IN93IfpFtwY9iqi7kD+xwKhQsNJA==
  
  typedoc@^0.23.17:
    version "0.23.17"
    resolved "https://registry.yarnpkg.com/typedoc/-/typedoc-0.23.17.tgz#ca644e7ecac78be85cfd556f5436917a4ac76dda"
    integrity sha512-3rtNubo1dK0pvs6ixpMAq4pESULd5/JNUqJbdyZoeilI14reb1RNVomN4fMgIadd0RMX1aenYjJSSMBOJ+/+0Q==
    dependencies:
      lunr "^2.3.9"
      marked "^4.0.19"
      minimatch "^5.1.0"
      shiki "^0.11.1"
  
  typescript-svelte-plugin@^0.3.10:
    version "0.3.10"
    resolved "https://registry.yarnpkg.com/typescript-svelte-plugin/-/typescript-svelte-plugin-0.3.10.tgz#237a9721b0bd153c33035f6a86f15cf723afe6c3"
    integrity sha512-4ZhJm/u5A3sRpml1jDMgeox3vtyP4qzdjmaxFyjSZ8lHJJJ6jLjLVTtJMQdmtjsQG74KYMT/DbfpT7BchkFa7g==
    dependencies:
      sourcemap-codec "^1.4.8"
      svelte2tsx "~0.5.0"
  
  typescript@*, typescript@^4.8.4:
    version "4.8.4"
    resolved "https://registry.yarnpkg.com/typescript/-/typescript-4.8.4.tgz#c464abca159669597be5f96b8943500b238e60e6"
    integrity sha512-QCh+85mCy+h0IGff8r5XWzOVSbBO+KfeYrMQh7NJ58QujwcE22u+NUSmUxqF+un70P9GXKxa2HCNiTTMJknyjQ==
  
  uc.micro@^1.0.1, uc.micro@^1.0.5:
    version "1.0.6"
    resolved "https://registry.yarnpkg.com/uc.micro/-/uc.micro-1.0.6.tgz#9c411a802a409a91fc6cf74081baba34b24499ac"
    integrity sha512-8Y75pvTYkLJW2hWQHXxoqRgV7qb9B+9vFEtidML+7koHUFapnVJAZ6cKs+Qjz5Aw3aZWHMC6u0wJE3At+nSGwA==
  
  unbox-primitive@^1.0.2:
    version "1.0.2"
    resolved "https://registry.yarnpkg.com/unbox-primitive/-/unbox-primitive-1.0.2.tgz#29032021057d5e6cdbd08c5129c226dff8ed6f9e"
    integrity sha512-61pPlCD9h51VoreyJ0BReideM3MDKMKnh6+V9L08331ipq6Q8OFXZYiqP6n/tbHx4s5I9uRhcye6BrbkizkBDw==
    dependencies:
      call-bind "^1.0.2"
      has-bigints "^1.0.2"
      has-symbols "^1.0.3"
      which-boxed-primitive "^1.0.2"
  
  underscore@~1.13.2:
    version "1.13.6"
    resolved "https://registry.yarnpkg.com/underscore/-/underscore-1.13.6.tgz#04786a1f589dc6c09f761fc5f45b89e935136441"
    integrity sha512-+A5Sja4HP1M08MaXya7p5LvjuM7K6q/2EaC0+iovj/wOcMsTzMvDFbasi/oSapiwOlt252IqsKqPjCl7huKS0A==
  
  unique-filename@^1.1.1:
    version "1.1.1"
    resolved "https://registry.yarnpkg.com/unique-filename/-/unique-filename-1.1.1.tgz#1d69769369ada0583103a1e6ae87681b56573230"
    integrity sha512-Vmp0jIp2ln35UTXuryvjzkjGdRyf9b2lTXuSYUiPmzRcl3FDtYqAwOnTJkAngD9SWhnoJzDbTKwaOrZ+STtxNQ==
    dependencies:
      unique-slug "^2.0.0"
  
  unique-slug@^2.0.0:
    version "2.0.2"
    resolved "https://registry.yarnpkg.com/unique-slug/-/unique-slug-2.0.2.tgz#baabce91083fc64e945b0f3ad613e264f7cd4e6c"
    integrity sha512-zoWr9ObaxALD3DOPfjPSqxt4fnZiWblxHIgeWqW8x7UqDzEtHEQLzji2cuJYQFCU6KmoJikOYAZlrTHHebjx2w==
    dependencies:
      imurmurhash "^0.1.4"
  
  universalify@^2.0.0:
    version "2.0.0"
    resolved "https://registry.yarnpkg.com/universalify/-/universalify-2.0.0.tgz#75a4984efedc4b08975c5aeb73f530d02df25717"
    integrity sha512-hAZsKq7Yy11Zu1DE0OzWjw7nnLZmJZYTDZZyEFHZdUhV8FkH5MCfoU1XMaxXovpyW5nq5scPqq0ZDP9Zyl04oQ==
  
  untildify@^4.0.0:
    version "4.0.0"
    resolved "https://registry.yarnpkg.com/untildify/-/untildify-4.0.0.tgz#2bc947b953652487e4600949fb091e3ae8cd919b"
    integrity sha512-KK8xQ1mkzZeg9inewmFVDNkg3l5LUhoq9kN6iWYB/CC9YMG8HA+c1Q8HwDe6dEX7kErrEVNVBO3fWsVq5iDgtw==
  
  uri-js@^4.2.2:
    version "4.4.1"
    resolved "https://registry.yarnpkg.com/uri-js/-/uri-js-4.4.1.tgz#9b1a52595225859e55f669d928f88c6c57f2a77e"
    integrity sha512-7rKUyy33Q1yc98pQ1DAmLtwX109F7TIfWlW1Ydo8Wl1ii1SeHieeh0HHfPeL2fMXK6z0s8ecKs9frCuLJvndBg==
    dependencies:
      punycode "^2.1.0"
  
  util-deprecate@^1.0.1, util-deprecate@~1.0.1:
    version "1.0.2"
    resolved "https://registry.yarnpkg.com/util-deprecate/-/util-deprecate-1.0.2.tgz#450d4dc9fa70de732762fbd2d4a28981419a0ccf"
    integrity sha512-EPD5q1uXyFxJpCrLnCc1nHnq3gOa6DZBocAIiI2TaSCA7VCJ1UJDMagCzIkXNsUYfD1daK//LTEQ8xiIbrHtcw==
  
  util@^0.12.0:
    version "0.12.5"
    resolved "https://registry.yarnpkg.com/util/-/util-0.12.5.tgz#5f17a6059b73db61a875668781a1c2b136bd6fbc"
    integrity sha512-kZf/K6hEIrWHI6XqOFUiiMa+79wE/D8Q+NCNAWclkyg3b4d2k7s0QGepNjiABc+aR3N1PAyHL7p6UcLY6LmrnA==
    dependencies:
      inherits "^2.0.3"
      is-arguments "^1.0.4"
      is-generator-function "^1.0.7"
      is-typed-array "^1.1.3"
      which-typed-array "^1.1.2"
  
  utrie@^1.0.2:
    version "1.0.2"
    resolved "https://registry.yarnpkg.com/utrie/-/utrie-1.0.2.tgz#d42fe44de9bc0119c25de7f564a6ed1b2c87a645"
    integrity sha512-1MLa5ouZiOmQzUbjbu9VmjLzn1QLXBhwpUa7kdLUQK+KQ5KA9I1vk5U4YHe/X2Ch7PYnJfWuWT+VbuxbGwljhw==
    dependencies:
      base64-arraybuffer "^1.0.2"
  
  uuid@^3.3.2:
    version "3.4.0"
    resolved "https://registry.yarnpkg.com/uuid/-/uuid-3.4.0.tgz#b23e4358afa8a202fe7a100af1f5f883f02007ee"
    integrity sha512-HjSDRw6gZE5JMggctHBcjVak08+KEVhSIiDzFnT9S9aegmp85S/bReBVTb4QTFaRNptJ9kuYaNhnbNEOkbKb/A==
  
  uuid@^9.0.0:
    version "9.0.0"
    resolved "https://registry.yarnpkg.com/uuid/-/uuid-9.0.0.tgz#592f550650024a38ceb0c562f2f6aa435761efb5"
    integrity sha512-MXcSTerfPa4uqyzStbRoTgt5XIe3x5+42+q1sDuy3R5MDk66URdLMOZe5aPX/SQd+kuYAh0FdP/pO28IkQyTeg==
  
  validate-npm-package-license@^3.0.1:
    version "3.0.4"
    resolved "https://registry.yarnpkg.com/validate-npm-package-license/-/validate-npm-package-license-3.0.4.tgz#fc91f6b9c7ba15c857f4cb2c5defeec39d4f410a"
    integrity sha512-DpKm2Ui/xN7/HQKCtpZxoRWBhZ9Z0kqtygG8XCgNQ8ZlDnxuQmWhj566j8fN4Cu3/JmbhsDo7fcAJq4s9h27Ew==
    dependencies:
      spdx-correct "^3.0.0"
      spdx-expression-parse "^3.0.0"
  
  validator@^13.7.0:
    version "13.7.0"
    resolved "https://registry.yarnpkg.com/validator/-/validator-13.7.0.tgz#4f9658ba13ba8f3d82ee881d3516489ea85c0857"
    integrity sha512-nYXQLCBkpJ8X6ltALua9dRrZDHVYxjJ1wgskNt1lH9fzGjs3tgojGSCBjmEPwkWS1y29+DrizMTW19Pr9uB2nw==
  
  verror@1.10.0:
    version "1.10.0"
    resolved "https://registry.yarnpkg.com/verror/-/verror-1.10.0.tgz#3a105ca17053af55d6e270c1f8288682e18da400"
    integrity sha512-ZZKSmDAEFOijERBLkmYfJ+vmk3w+7hOLYDNkRCuRuMJGEmqYNCNLyBBFwWKVMhfwaEF3WOd0Zlw86U/WC/+nYw==
    dependencies:
      assert-plus "^1.0.0"
      core-util-is "1.0.2"
      extsprintf "^1.2.0"
  
  vscode-oniguruma@^1.6.1:
    version "1.6.2"
    resolved "https://registry.yarnpkg.com/vscode-oniguruma/-/vscode-oniguruma-1.6.2.tgz#aeb9771a2f1dbfc9083c8a7fdd9cccaa3f386607"
    integrity sha512-KH8+KKov5eS/9WhofZR8M8dMHWN2gTxjMsG4jd04YhpbPR91fUj7rYQ2/XjeHCJWbg7X++ApRIU9NUwM2vTvLA==
  
  vscode-textmate@^6.0.0:
    version "6.0.0"
    resolved "https://registry.yarnpkg.com/vscode-textmate/-/vscode-textmate-6.0.0.tgz#a3777197235036814ac9a92451492f2748589210"
    integrity sha512-gu73tuZfJgu+mvCSy4UZwd2JXykjK9zAZsfmDeut5dx/1a7FeTk0XwJsSuqQn+cuMCGVbIBfl+s53X4T19DnzQ==
  
  webidl-conversions@^3.0.0:
    version "3.0.1"
    resolved "https://registry.yarnpkg.com/webidl-conversions/-/webidl-conversions-3.0.1.tgz#24534275e2a7bc6be7bc86611cc16ae0a5654871"
    integrity sha512-2JAn3z8AR6rjK8Sm8orRC0h/bcl/DqL7tRPdGZ4I1CjdF+EaMLmYxBHyXuKL849eucPFhvBoxMsflfOb8kxaeQ==
  
  whatwg-url@^5.0.0:
    version "5.0.0"
    resolved "https://registry.yarnpkg.com/whatwg-url/-/whatwg-url-5.0.0.tgz#966454e8765462e37644d3626f6742ce8b70965d"
    integrity sha512-saE57nupxk6v3HY35+jzBwYa0rKSy0XR8JSxZPwgLr7ys0IBzhGviA1/TUGJLmSVqs8pb9AnvICXEuOHLprYTw==
    dependencies:
      tr46 "~0.0.3"
      webidl-conversions "^3.0.0"
  
  which-boxed-primitive@^1.0.2:
    version "1.0.2"
    resolved "https://registry.yarnpkg.com/which-boxed-primitive/-/which-boxed-primitive-1.0.2.tgz#13757bc89b209b049fe5d86430e21cf40a89a8e6"
    integrity sha512-bwZdv0AKLpplFY2KZRX6TvyuN7ojjr7lwkg6ml0roIy9YeuSr7JS372qlNW18UQYzgYK9ziGcerWqZOmEn9VNg==
    dependencies:
      is-bigint "^1.0.1"
      is-boolean-object "^1.1.0"
      is-number-object "^1.0.4"
      is-string "^1.0.5"
      is-symbol "^1.0.3"
  
  which-typed-array@^1.1.2:
    version "1.1.8"
    resolved "https://registry.yarnpkg.com/which-typed-array/-/which-typed-array-1.1.8.tgz#0cfd53401a6f334d90ed1125754a42ed663eb01f"
    integrity sha512-Jn4e5PItbcAHyLoRDwvPj1ypu27DJbtdYXUa5zsinrUx77Uvfb0cXwwnGMTn7cjUfhhqgVQnVJCwF+7cgU7tpw==
    dependencies:
      available-typed-arrays "^1.0.5"
      call-bind "^1.0.2"
      es-abstract "^1.20.0"
      for-each "^0.3.3"
      has-tostringtag "^1.0.0"
      is-typed-array "^1.1.9"
  
  which@^1.2.9:
    version "1.3.1"
    resolved "https://registry.yarnpkg.com/which/-/which-1.3.1.tgz#a45043d54f5805316da8d62f9f50918d3da70b0a"
    integrity sha512-HxJdYWq1MTIQbJ3nw0cqssHoTNU267KlrDuGZ1WYlxDStUtKUhOaJmh112/TZmHxxUfuJqPXSOm7tDyas0OSIQ==
    dependencies:
      isexe "^2.0.0"
  
  which@^2.0.1, which@^2.0.2:
    version "2.0.2"
    resolved "https://registry.yarnpkg.com/which/-/which-2.0.2.tgz#7c6a8dd0a636a0327e10b59c9286eee93f3f51b1"
    integrity sha512-BLI3Tl1TW3Pvl70l3yq3Y64i+awpwXqsGBYWkkqMtnbXgrMD+yj7rhW0kuEDxzJaYXGjEW5ogapKNMEKNMjibA==
    dependencies:
      isexe "^2.0.0"
  
  wide-align@^1.1.2, wide-align@^1.1.5:
    version "1.1.5"
    resolved "https://registry.yarnpkg.com/wide-align/-/wide-align-1.1.5.tgz#df1d4c206854369ecf3c9a4898f1b23fbd9d15d3"
    integrity sha512-eDMORYaPNZ4sQIuuYPDHdQvf4gyCF9rEEV/yPxGfwPkRodwEgiMUUXTx/dex+Me0wxx53S+NgUHaP7y3MGlDmg==
    dependencies:
      string-width "^1.0.2 || 2 || 3 || 4"
  
  word-wrap@^1.2.3, word-wrap@~1.2.3:
    version "1.2.3"
    resolved "https://registry.yarnpkg.com/word-wrap/-/word-wrap-1.2.3.tgz#610636f6b1f703891bd34771ccb17fb93b47079c"
    integrity sha512-Hz/mrNwitNRh/HUAtM/VT/5VH+ygD6DV7mYKZAtHOrbs8U7lvPS6xf7EJKMF0uW1KJCl0H701g3ZGus+muE5vQ==
  
  wrap-ansi@^7.0.0:
    version "7.0.0"
    resolved "https://registry.yarnpkg.com/wrap-ansi/-/wrap-ansi-7.0.0.tgz#67e145cff510a6a6984bdf1152911d69d2eb9e43"
    integrity sha512-YVGIj2kamLSTxw6NsZjoBxfSwsn0ycdesmc4p+Q21c5zPuZ1pl+NfxVdxPtdHvmNVOQ6XSYG4AUtyt/Fi7D16Q==
    dependencies:
      ansi-styles "^4.0.0"
      string-width "^4.1.0"
      strip-ansi "^6.0.0"
  
  wrappy@1:
    version "1.0.2"
    resolved "https://registry.yarnpkg.com/wrappy/-/wrappy-1.0.2.tgz#b5243d8f3ec1aa35f1364605bc0d1036e30ab69f"
    integrity sha512-l4Sp/DRseor9wL6EvV2+TuQn63dMkPjZ/sp9XkghTEbV9KlPS1xUsZ3u7/IQO4wxtcFB4bgpQPRcR3QCvezPcQ==
  
  ws@^7.4.3:
    version "7.5.9"
    resolved "https://registry.yarnpkg.com/ws/-/ws-7.5.9.tgz#54fa7db29f4c7cec68b1ddd3a89de099942bb591"
    integrity sha512-F+P9Jil7UiSKSkppIiD94dN07AwvFixvLIj1Og1Rl9GGMuNipJnV9JzjD6XuqmAeiswGvUmNLjr5cFuXwNS77Q==
  
  xml2js@^0.4.23:
    version "0.4.23"
    resolved "https://registry.yarnpkg.com/xml2js/-/xml2js-0.4.23.tgz#a0c69516752421eb2ac758ee4d4ccf58843eac66"
    integrity sha512-ySPiMjM0+pLDftHgXY4By0uswI3SPKLDw/i3UXbnO8M/p28zqexCUoPmQFrYD+/1BzhGJSs2i1ERWKJAtiLrug==
    dependencies:
      sax ">=0.6.0"
      xmlbuilder "~11.0.0"
  
  xmlbuilder@^15.1.1:
    version "15.1.1"
    resolved "https://registry.yarnpkg.com/xmlbuilder/-/xmlbuilder-15.1.1.tgz#9dcdce49eea66d8d10b42cae94a79c3c8d0c2ec5"
    integrity sha512-yMqGBqtXyeN1e3TGYvgNgDVZ3j84W4cwkOXQswghol6APgZWaff9lnbvN7MHYJOiXsvGPXtjTYJEiC9J2wv9Eg==
  
  xmlbuilder@~11.0.0:
    version "11.0.1"
    resolved "https://registry.yarnpkg.com/xmlbuilder/-/xmlbuilder-11.0.1.tgz#be9bae1c8a046e76b31127726347d0ad7002beb3"
    integrity sha512-fDlsI/kFEx7gLvbecc0/ohLG50fugQp8ryHzMTuW9vSa1GJ0XYWKnhsUx7oie3G98+r56aTQIUB4kht42R3JvA==
  
  xmlcreate@^2.0.4:
    version "2.0.4"
    resolved "https://registry.yarnpkg.com/xmlcreate/-/xmlcreate-2.0.4.tgz#0c5ab0f99cdd02a81065fa9cd8f8ae87624889be"
    integrity sha512-nquOebG4sngPmGPICTS5EnxqhKbCmz5Ox5hsszI2T6U5qdrJizBc+0ilYSEjTSzU0yZcmvppztXe/5Al5fUwdg==
  
  y18n@^5.0.5:
    version "5.0.8"
    resolved "https://registry.yarnpkg.com/y18n/-/y18n-5.0.8.tgz#7f4934d0f7ca8c56f95314939ddcd2dd91ce1d55"
    integrity sha512-0pfFzegeDWJHJIAmTLRP2DwHjdF5s7jo9tuztdQxAhINCdvS+3nGINqPd00AphqJR/0LhANUS6/+7SCb98YOfA==
  
  yallist@^4.0.0:
    version "4.0.0"
    resolved "https://registry.yarnpkg.com/yallist/-/yallist-4.0.0.tgz#9bb92790d9c0effec63be73519e11a35019a3a72"
    integrity sha512-3wdGidZyq5PB084XLES5TpOSRA3wjXAlIWMhum2kRcv/41Sn2emQ0dycQW4uZXLejwKvg6EsvbdlVL+FYEct7A==
  
  yaml@^2.1.1:
    version "2.1.3"
    resolved "https://registry.yarnpkg.com/yaml/-/yaml-2.1.3.tgz#9b3a4c8aff9821b696275c79a8bee8399d945207"
    integrity sha512-AacA8nRULjKMX2DvWvOAdBZMOfQlypSFkjcOcu9FalllIDJ1kvlREzcdIZmidQUqqeMv7jorHjq2HlLv/+c2lg==
  
  yargs-parser@^20.2.3:
    version "20.2.9"
    resolved "https://registry.yarnpkg.com/yargs-parser/-/yargs-parser-20.2.9.tgz#2eb7dc3b0289718fc295f362753845c41a0c94ee"
    integrity sha512-y11nGElTIV+CT3Zv9t7VKl+Q3hTQoT9a1Qzezhhl6Rp21gJ/IVTW7Z3y9EWXhuUBC2Shnf+DX0antecpAwSP8w==
  
  yargs-parser@^21.0.0:
    version "21.1.1"
    resolved "https://registry.yarnpkg.com/yargs-parser/-/yargs-parser-21.1.1.tgz#9096bceebf990d21bb31fa9516e0ede294a77d35"
    integrity sha512-tVpsJW7DdjecAiFpbIB1e3qxIQsE6NoPc5/eTdrbbIC4h0LVsWhnoa3g+m2HclBIujHzsxZ4VJVA+GUuc2/LBw==
  
  yargs@^17.1.1, yargs@^17.2.1:
    version "17.6.0"
    resolved "https://registry.yarnpkg.com/yargs/-/yargs-17.6.0.tgz#e134900fc1f218bc230192bdec06a0a5f973e46c"
    integrity sha512-8H/wTDqlSwoSnScvV2N/JHfLWOKuh5MVla9hqLjK3nsfyy6Y4kDSYSvkU5YCUEPOSnRXfIyx3Sq+B/IWudTo4g==
    dependencies:
      cliui "^8.0.1"
      escalade "^3.1.1"
      get-caller-file "^2.0.5"
      require-directory "^2.1.1"
      string-width "^4.2.3"
      y18n "^5.0.5"
      yargs-parser "^21.0.0"
  
  yauzl@^2.10.0:
    version "2.10.0"
    resolved "https://registry.yarnpkg.com/yauzl/-/yauzl-2.10.0.tgz#c7eb17c93e112cb1086fa6d8e51fb0667b79a5f9"
    integrity sha512-p4a9I6X6nu6IhoGmBqAcbJy1mlC4j27vEPZX9F4L4/vZT3Lyq1VkFHw/V/PUcB9Buo+DG3iHkT0x3Qya58zc3g==
    dependencies:
      buffer-crc32 "~0.2.3"
      fd-slicer "~1.1.0"
  
  yocto-queue@^0.1.0:
    version "0.1.0"
    resolved "https://registry.yarnpkg.com/yocto-queue/-/yocto-queue-0.1.0.tgz#0294eb3dee05028d31ee1a5fa2c556a6aaf10a1b"
    integrity sha512-rVksvsnNCdJ/ohGc6xgPwyN8eheCxsiLM8mxuE/t/mOVqJewPuO1miLpTHQiRgTKCLexL4MeAFVagts7HmNZ2Q==
